Workbook

Sheet Resumo
A1: CONTROLE DE ESTAQUEAMENTO — U-5700 UNIDADE DE HIDROISODESPARAFINAÇÃO
A2: REFINO BOAVENTURA — TR / BOAVENTURA — CONSÓRCIO TEM BOAVENTURA — Planilha de coordenadas de locação e controle de execução das estacas
A4: SISTEMA DE COORDENADAS
A5: Sistema PDMS (E3D/NAVIS) — equivalência com o Sistema Geodésico Brasileiro, Datum horizontal SIRGAS 2000 (nota geral dos desenhos):
A6: E (PDMS) = 0 m → E (GLOBAL) = | C6: 714955.43
A7: N (PDMS) = 0 m → N (GLOBAL) = | C7: 7488954.4
A8: Elevação 0,00 (PDMS) = EL. 26,14 (nível do mar) — marégrafo de Imbituba/SC.
A9: Dimensões em centímetro, elevações e coordenadas em metro, exceto onde indicado.
A11: INVENTÁRIO DE ESTACAS POR ABA
A12: ABA | B12: ESTRUTURA | C12: FAIXA DE TAGS | D12: Ø | E12: QTD. | F12: COTA DE ARRAS. | G12: COMPR. PREV. (m) | H12: DESENHO DE REFERÊNCIA | I12: ORIGEM DAS COORDENADAS
A13: Casa dos compressores | B13: CASA DOS COMPRESSORES (HIDW) | C13: ECC-001 A ECC-064 | D13: Ø 50 | E13: 64 | F13: EL. +17,20 | G13: 13.1 | H13: DE-5400.00-5700-121-TX3-001 rev.0 (15/05/2026) | I13: TABELA DE COORDENADAS do desenho
A14: Fornos | B14: FORNO F-5700001 | C14: EF1-001 A EF1-016 | D14: Ø 40 | E14: 16 | F14: EL. +16,95 | G14: 8.75 | H14: DE-5400.00-5700-121-TX3-005 rev.0 (21/08/2026) | I14: TABELA DE COORDENADAS do desenho (2 tabelas)
A15: Fornos | B15: FORNO F-5700002 | C15: EF2-001 A EF2-020 | D15: Ø 50 | E15: 20 | F15: EL. +16,95 | G15: 8.75 | H15: DE-5400.00-5700-121-TX3-005 rev.0 (21/08/2026) | I15: TABELA DE COORDENADAS do desenho (2 tabelas)
A16: Torre | B16: TORRE T-5700002 (radier) | C16: E1-T-2 A E96-T-2 | D16: Ø 50 | E16: 96 | F16: EL. +16,60 | G16: 18 | H16: DE-5400.00-5700-121-TX3-003 rev.0 (12/08/2026) | I16: CALCULADO da malha do desenho (o desenho nao traz TABELA DE COORDENADAS)
A17: Reatores | B17: BASE REATOR R-5700001 | C17: E1-BR1 A E6-BR1 | D17: Ø 50 | E17: 6 | F17: EL. +18,55 | G17: 12 | H17: DE-5400.00-5700-121-TX3-006 rev.0 (04/08/2026) | I17: TABELA DE COORDENADAS do desenho
A18: Reatores | B18: BASE REATOR R-5700002 | C18: E1-BR2 A E6-BR2 | D18: Ø 50 | E18: 6 | F18: EL. +18,55 | G18: 12 | H18: DE-5400.00-5700-121-TX3-006 rev.0 (04/08/2026) | I18: TABELA DE COORDENADAS do desenho
A19: Reatores | B19: PRÉDIO DOS REATORES | C19: E1-PRE A E8-PRE | D19: Ø 50 | E19: 8 | F19: EL. +17,30 | G19: 12 | H19: DE-5400.00-5700-121-TX3-006 rev.0 (04/08/2026) | I19: TABELA DE COORDENADAS do desenho
A20: TOTAL | E20: =SUM(E13:E19) -> 216
A22: AVANÇO DA EXECUÇÃO (atualiza automaticamente a partir das abas)
A23: ABA | B23: TOTAL DE ESTACAS | C23: TERRAPLANAGEM | D23: ESTAQUEAMENTO | E23: PIT | F23: ARRASAMENTO | G23: % GERAL
A24: Casa dos compressores | B24: =COUNTA('Casa dos compressores'!B9:B72) -> 64 | C24: =COUNTIF('Casa dos compressores'!L9:L72,"CONCLUÍDO") -> 0 | D24: =COUNTIF('Casa dos compressores'!N9:N72,"CONCLUÍDO") -> 0 | E24: =COUNTIF('Casa dos compressores'!P9:P72,"CONCLUÍDO") -> 0 | F24: =COUNTIF('Casa dos compressores'!R9:R72,"CONCLUÍDO") -> 0 | G24: =IFERROR(AVERAGE('Casa dos compressores'!T9:T72),0) -> 0
A25: Fornos | B25: =COUNTA(Fornos!B9:B44) -> 36 | C25: =COUNTIF(Fornos!L9:L44,"CONCLUÍDO") -> 0 | D25: =COUNTIF(Fornos!N9:N44,"CONCLUÍDO") -> 0 | E25: =COUNTIF(Fornos!P9:P44,"CONCLUÍDO") -> 0 | F25: =COUNTIF(Fornos!R9:R44,"CONCLUÍDO") -> 0 | G25: =IFERROR(AVERAGE(Fornos!T9:T44),0) -> 0
A26: Torre | B26: =COUNTA(Torre!B9:B104) -> 96 | C26: =COUNTIF(Torre!L9:L104,"CONCLUÍDO") -> 0 | D26: =COUNTIF(Torre!N9:N104,"CONCLUÍDO") -> 0 | E26: =COUNTIF(Torre!P9:P104,"CONCLUÍDO") -> 0 | F26: =COUNTIF(Torre!R9:R104,"CONCLUÍDO") -> 0 | G26: =IFERROR(AVERAGE(Torre!T9:T104),0) -> 0
A27: Reatores | B27: =COUNTA(Reatores!B9:B28) -> 20 | C27: =COUNTIF(Reatores!L9:L28,"CONCLUÍDO") -> 0 | D27: =COUNTIF(Reatores!N9:N28,"CONCLUÍDO") -> 0 | E27: =COUNTIF(Reatores!P9:P28,"CONCLUÍDO") -> 0 | F27: =COUNTIF(Reatores!R9:R28,"CONCLUÍDO") -> 0 | G27: =IFERROR(AVERAGE(Reatores!T9:T28),0) -> 0
A28: TOTAL GERAL | B28: =SUM(B24:B27) -> 216 | C28: =SUM(C24:C27) -> 0 | D28: =SUM(D24:D27) -> 0 | E28: =SUM(E24:E27) -> 0 | F28: =SUM(F24:F27) -> 0 | G28: =IFERROR(SUM(C28,D28,E28,F28)/(4*B28),0) -> 0
A30: COMO PREENCHER
A31: Células AMARELAS com texto AZUL são as únicas de preenchimento manual: os 4 pares STATUS/DATA e OBSERVAÇÕES.
A32: Colunas de coordenadas, Ø, cota e comprimento vêm dos desenhos — não editar. CONF. DATUM e % CONCL. são fórmulas.
A33: STATUS (lista suspensa): NÃO INICIADO • EM ANDAMENTO • CONCLUÍDO • N/A | DATA: dd/mm/aaaa (data de conclusão da etapa).
A34: CONF. DATUM confere E/N GLOBAL contra E/N PDMS + datum (tolerância 1 cm); "VERIFICAR" indica divergência a checar no desenho.
A36: EXEMPLO DE PREENCHIMENTO DE UMA LINHA
A37: PONTO | B37: TERRAPLANAGEM | C37: DATA | D37: ESTAQUEAMENTO | E37: DATA | F37: PIT | G37: DATA | H37: ARRASAMENTO | I37: DATA
A38: ECC-001 | B38: CONCLUÍDO | C38: 05/09/2026 | D38: CONCLUÍDO | E38: 12/09/2026 | F38: EM ANDAMENTO | H38: NÃO INICIADO
A40: NOTAS
A41: 1. PCE não consta desta planilha — conforme definido, as estacas do PCE serão definidas pela Engenharia.
A42: 2. Torre T-5700002: o desenho DE-5400.00-5700-121-TX3-003 não traz TABELA DE COORDENADAS. As coordenadas das 96 estacas (E1-T-2 a E96-T-2) foram calculadas a partir da malha do desenho (passo de 150 cm, esc. 1:75), ancorada nas duas chamadas de coordenada da planta (E=5.006,654 / N=3.193,930 e E=5.014,154 / N=3.186,430). Recomenda-se confirmar com a Projetista antes da locação em campo.
A43: 3. Reatores: nas coordenadas GLOBAIS tabeladas no desenho -006 há diferenças de até 9 mm em relação a PDMS + datum, por arredondamento do próprio desenho (que usa 714.955,43 / 7.488.954,39). Mantidos os valores originais do desenho.
A44: 4. O PDF também contém o estaqueamento do PIPE-RACK (desenho DE-5400.00-5700-121-TX3-009, estacas EPR-001 a EPR-224 e PT1 a PT5), não solicitado nesta planilha e por isso não incluído — pode ser acrescentado como nova aba se necessário.
A45: 5. Todas as coordenadas das abas Casa dos compressores, Fornos e Reatores foram transcritas integralmente das TABELAS DE COORDENADAS dos respectivos desenhos (216 estacas no total, conferidas uma a uma).

Sheet Casa dos compressores
A1: CONTROLE DE ESTAQUEAMENTO — CASA DOS COMPRESSORES
A2: Desenho: DE-5400.00-5700-121-TX3-001 | Rev. 0 | 15/05/2026 | ESTAQUEAMENTO - CASA DE COMPRESSORES - PLANTA E DETALHES
A3: Coordenadas em metro, PDMS (E3D/NAVIS) e GLOBAL SIRGAS 2000 — E(PDMS)=0 → 714.955,434 m ; N(PDMS)=0 → 7.488.954,390 m (ver aba Resumo)
A4: Origem das coordenadas: TABELA DE COORDENADAS do desenho
A6: Nº | B6: PONTO (TAG) | C6: ESTRUTURA | D6: COORDENADAS DE LOCAÇÃO | H6: CONF. DATUM | I6: DADOS DA ESTACA | L6: ESTAQUEAMENTO — CONTROLE DE EXECUÇÃO | T6: % CONCL. | U6: OBSERVAÇÕES
D7: E (E3D/PDMS) | E7: N (E3D/PDMS) | F7: E (GLOBAL) SIRGAS 2000 | G7: N (GLOBAL) SIRGAS 2000 | I7: Ø | J7: COTA DE ARRAS. | K7: COMPR. (m) | L7: TERRAPLANAGEM | N7: ESTAQUEAMENTO | P7: PIT | R7: ARRASAMENTO
L8: STATUS | M8: DATA | N8: STATUS | O8: DATA | P8: STATUS | Q8: DATA | R8: STATUS | S8: DATA
A9: 1 | B9: ECC-001 | C9: CASA DOS COMPRESSORES (HIDW) | D9: 4944.211 | E9: 3237.624 | F9: 719899.65 | G9: 7492192 | H9: =IF(AND(ABS(D9+Resumo!$C$6-F9)<=0.01,ABS(E9+Resumo!$C$7-G9)<=0.01),"OK","VERIFICAR") -> OK | I9: Ø 50 | J9: EL. +17,20 | K9: 13.1 | L9: NÃO INICIADO | N9: NÃO INICIADO | P9: NÃO INICIADO | R9: NÃO INICIADO | T9: =(COUNTIF(L9,"CONCLUÍDO")+COUNTIF(N9,"CONCLUÍDO")+COUNTIF(P9,"CONCLUÍDO")+COUNTIF(R9,"CONCLUÍDO"))/4 -> 0
A10: 2 | B10: ECC-002 | C10: CASA DOS COMPRESSORES (HIDW) | D10: 4945.711 | E10: 3237.624 | F10: 719901.15 | G10: 7492192 | H10: =IF(AND(ABS(D10+Resumo!$C$6-F10)<=0.01,ABS(E10+Resumo!$C$7-G10)<=0.01),"OK","VERIFICAR") -> OK | I10: Ø 50 | J10: EL. +17,20 | K10: 13.1 | L10: NÃO INICIADO | N10: NÃO INICIADO | P10: NÃO INICIADO | R10: NÃO INICIADO | T10: =(COUNTIF(L10,"CONCLUÍDO")+COUNTIF(N10,"CONCLUÍDO")+COUNTIF(P10,"CONCLUÍDO")+COUNTIF(R10,"CONCLUÍDO"))/4 -> 0
A11: 3 | B11: ECC-003 | C11: CASA DOS COMPRESSORES (HIDW) | D11: 4944.211 | E11: 3236.124 | F11: 719899.65 | G11: 7492190.5 | H11: =IF(AND(ABS(D11+Resumo!$C$6-F11)<=0.01,ABS(E11+Resumo!$C$7-G11)<=0.01),"OK","VERIFICAR") -> OK | I11: Ø 50 | J11: EL. +17,20 | K11: 13.1 | L11: NÃO INICIADO | N11: NÃO INICIADO | P11: NÃO INICIADO | R11: NÃO INICIADO | T11: =(COUNTIF(L11,"CONCLUÍDO")+COUNTIF(N11,"CONCLUÍDO")+COUNTIF(P11,"CONCLUÍDO")+COUNTIF(R11,"CONCLUÍDO"))/4 -> 0
A12: 4 | B12: ECC-004 | C12: CASA DOS COMPRESSORES (HIDW) | D12: 4945.711 | E12: 3236.124 | F12: 719901.15 | G12: 7492190.5 | H12: =IF(AND(ABS(D12+Resumo!$C$6-F12)<=0.01,ABS(E12+Resumo!$C$7-G12)<=0.01),"OK","VERIFICAR") -> OK | I12: Ø 50 | J12: EL. +17,20 | K12: 13.1 | L12: NÃO INICIADO | N12: NÃO INICIADO | P12: NÃO INICIADO | R12: NÃO INICIADO | T12: =(COUNTIF(L12,"CONCLUÍDO")+COUNTIF(N12,"CONCLUÍDO")+COUNTIF(P12,"CONCLUÍDO")+COUNTIF(R12,"CONCLUÍDO"))/4 -> 0
A13: 5 | B13: ECC-005 | C13: CASA DOS COMPRESSORES (HIDW) | D13: 4956.211 | E13: 3237.624 | F13: 719911.65 | G13: 7492192 | H13: =IF(AND(ABS(D13+Resumo!$C$6-F13)<=0.01,ABS(E13+Resumo!$C$7-G13)<=0.01),"OK","VERIFICAR") -> OK | I13: Ø 50 | J13: EL. +17,20 | K13: 13.1 | L13: NÃO INICIADO | N13: NÃO INICIADO | P13: NÃO INICIADO | R13: NÃO INICIADO | T13: =(COUNTIF(L13,"CONCLUÍDO")+COUNTIF(N13,"CONCLUÍDO")+COUNTIF(P13,"CONCLUÍDO")+COUNTIF(R13,"CONCLUÍDO"))/4 -> 0
A14: 6 | B14: ECC-006 | C14: CASA DOS COMPRESSORES (HIDW) | D14: 4957.711 | E14: 3237.626 | F14: 719913.15 | G14: 7492192 | H14: =IF(AND(ABS(D14+Resumo!$C$6-F14)<=0.01,ABS(E14+Resumo!$C$7-G14)<=0.01),"OK","VERIFICAR") -> OK | I14: Ø 50 | J14: EL. +17,20 | K14: 13.1 | L14: NÃO INICIADO | N14: NÃO INICIADO | P14: NÃO INICIADO | R14: NÃO INICIADO | T14: =(COUNTIF(L14,"CONCLUÍDO")+COUNTIF(N14,"CONCLUÍDO")+COUNTIF(P14,"CONCLUÍDO")+COUNTIF(R14,"CONCLUÍDO"))/4 -> 0
A15: 7 | B15: ECC-007 | C15: CASA DOS COMPRESSORES (HIDW) | D15: 4956.211 | E15: 3236.124 | F15: 719911.65 | G15: 7492190.5 | H15: =IF(AND(ABS(D15+Resumo!$C$6-F15)<=0.01,ABS(E15+Resumo!$C$7-G15)<=0.01),"OK","VERIFICAR") -> OK | I15: Ø 50 | J15: EL. +17,20 | K15: 13.1 | L15: NÃO INICIADO | N15: NÃO INICIADO | P15: NÃO INICIADO | R15: NÃO INICIADO | T15: =(COUNTIF(L15,"CONCLUÍDO")+COUNTIF(N15,"CONCLUÍDO")+COUNTIF(P15,"CONCLUÍDO")+COUNTIF(R15,"CONCLUÍDO"))/4 -> 0
A16: 8 | B16: ECC-008 | C16: CASA DOS COMPRESSORES (HIDW) | D16: 4957.711 | E16: 3236.124 | F16: 719913.15 | G16: 7492190.5 | H16: =IF(AND(ABS(D16+Resumo!$C$6-F16)<=0.01,ABS(E16+Resumo!$C$7-G16)<=0.01),"OK","VERIFICAR") -> OK | I16: Ø 50 | J16: EL. +17,20 | K16: 13.1 | L16: NÃO INICIADO | N16: NÃO INICIADO | P16: NÃO INICIADO | R16: NÃO INICIADO | T16: =(COUNTIF(L16,"CONCLUÍDO")+COUNTIF(N16,"CONCLUÍDO")+COUNTIF(P16,"CONCLUÍDO")+COUNTIF(R16,"CONCLUÍDO"))/4 -> 0
A17: 9 | B17: ECC-009 | C17: CASA DOS COMPRESSORES (HIDW) | D17: 4966.211 | E17: 3237.626 | F17: 719921.65 | G17: 7492192 | H17: =IF(AND(ABS(D17+Resumo!$C$6-F17)<=0.01,ABS(E17+Resumo!$C$7-G17)<=0.01),"OK","VERIFICAR") -> OK | I17: Ø 50 | J17: EL. +17,20 | K17: 13.1 | L17: NÃO INICIADO | N17: NÃO INICIADO | P17: NÃO INICIADO | R17: NÃO INICIADO | T17: =(COUNTIF(L17,"CONCLUÍDO")+COUNTIF(N17,"CONCLUÍDO")+COUNTIF(P17,"CONCLUÍDO")+COUNTIF(R17,"CONCLUÍDO"))/4 -> 0
A18: 10 | B18: ECC-010 | C18: CASA DOS COMPRESSORES (HIDW) | D18: 4967.711 | E18: 3237.626 | F18: 719923.15 | G18: 7492192 | H18: =IF(AND(ABS(D18+Resumo!$C$6-F18)<=0.01,ABS(E18+Resumo!$C$7-G18)<=0.01),"OK","VERIFICAR") -> OK | I18: Ø 50 | J18: EL. +17,20 | K18: 13.1 | L18: NÃO INICIADO | N18: NÃO INICIADO | P18: NÃO INICIADO | R18: NÃO INICIADO | T18: =(COUNTIF(L18,"CONCLUÍDO")+COUNTIF(N18,"CONCLUÍDO")+COUNTIF(P18,"CONCLUÍDO")+COUNTIF(R18,"CONCLUÍDO"))/4 -> 0
A19: 11 | B19: ECC-011 | C19: CASA DOS COMPRESSORES (HIDW) | D19: 4966.211 | E19: 3236.124 | F19: 719921.65 | G19: 7492190.5 | H19: =IF(AND(ABS(D19+Resumo!$C$6-F19)<=0.01,ABS(E19+Resumo!$C$7-G19)<=0.01),"OK","VERIFICAR") -> OK | I19: Ø 50 | J19: EL. +17,20 | K19: 13.1 | L19: NÃO INICIADO | N19: NÃO INICIADO | P19: NÃO INICIADO | R19: NÃO INICIADO | T19: =(COUNTIF(L19,"CONCLUÍDO")+COUNTIF(N19,"CONCLUÍDO")+COUNTIF(P19,"CONCLUÍDO")+COUNTIF(R19,"CONCLUÍDO"))/4 -> 0
A20: 12 | B20: ECC-012 | C20: CASA DOS COMPRESSORES (HIDW) | D20: 4967.711 | E20: 3236.124 | F20: 719923.15 | G20: 7492190.5 | H20: =IF(AND(ABS(D20+Resumo!$C$6-F20)<=0.01,ABS(E20+Resumo!$C$7-G20)<=0.01),"OK","VERIFICAR") -> OK | I20: Ø 50 | J20: EL. +17,20 | K20: 13.1 | L20: NÃO INICIADO | N20: NÃO INICIADO | P20: NÃO INICIADO | R20: NÃO INICIADO | T20: =(COUNTIF(L20,"CONCLUÍDO")+COUNTIF(N20,"CONCLUÍDO")+COUNTIF(P20,"CONCLUÍDO")+COUNTIF(R20,"CONCLUÍDO"))/4 -> 0
... A72: 64 | B72: ECC-064 | C72: CASA DOS COMPRESSORES (HIDW) | D72: 5019.711 | E72: 3219.124 | F72: 719975.15 | G72: 7492173.5 | H72: =IF(AND(ABS(D72+Resumo!$C$6-F72)<=0.01,ABS(E72+Resumo!$C$7-G72)<=0.01),"OK","VERIFICAR") -> OK | I72: Ø 50 | J72: EL. +17,20 | K72: 13.1 | L72: NÃO INICIADO | N72: NÃO INICIADO | P72: NÃO INICIADO | R72: NÃO INICIADO | T72: =(COUNTIF(L72,"CONCLUÍDO")+COUNTIF(N72,"CONCLUÍDO")+COUNTIF(P72,"CONCLUÍDO")+COUNTIF(R72,"CONCLUÍDO"))/4 -> 0
A73: TOTAL | D73: =COUNTA(B9:B72) -> 64 | E73: estacas | L73: =COUNTIF(L9:L72,"CONCLUÍDO")&" / "&COUNTA(B9:B72) -> 0 / 64 | N73: =COUNTIF(N9:N72,"CONCLUÍDO")&" / "&COUNTA(B9:B72) -> 0 / 64 | P73: =COUNTIF(P9:P72,"CONCLUÍDO")&" / "&COUNTA(B9:B72) -> 0 / 64 | R73: =COUNTIF(R9:R72,"CONCLUÍDO")&" / "&COUNTA(B9:B72) -> 0 / 64 | T73: =AVERAGE(T9:T72) -> 0

Sheet Fornos
A1: CONTROLE DE ESTAQUEAMENTO — FORNOS
A2: Desenho: DE-5400.00-5700-121-TX3-005 | Rev. 0 | 21/08/2026 | ESTAQUEAMENTO - FORNOS F-5700001 & F-5700002
A3: Coordenadas em metro, PDMS (E3D/NAVIS) e GLOBAL SIRGAS 2000 — E(PDMS)=0 → 714.955,434 m ; N(PDMS)=0 → 7.488.954,390 m (ver aba Resumo)
A4: Origem das coordenadas: TABELA DE COORDENADAS do desenho (2 tabelas)
A6: Nº | B6: PONTO (TAG) | C6: ESTRUTURA | D6: COORDENADAS DE LOCAÇÃO | H6: CONF. DATUM | I6: DADOS DA ESTACA | L6: ESTAQUEAMENTO — CONTROLE DE EXECUÇÃO | T6: % CONCL. | U6: OBSERVAÇÕES
D7: E (E3D/PDMS) | E7: N (E3D/PDMS) | F7: E (GLOBAL) SIRGAS 2000 | G7: N (GLOBAL) SIRGAS 2000 | I7: Ø | J7: COTA DE ARRAS. | K7: COMPR. (m) | L7: TERRAPLANAGEM | N7: ESTAQUEAMENTO | P7: PIT | R7: ARRASAMENTO
L8: STATUS | M8: DATA | N8: STATUS | O8: DATA | P8: STATUS | Q8: DATA | R8: STATUS | S8: DATA
A9: 1 | B9: EF1-001 | C9: FORNO F-5700001 | D9: 5051.087 | E9: 3171.048 | F9: 720006.52 | G9: 7492125.4 | H9: =IF(AND(ABS(D9+Resumo!$C$6-F9)<=0.01,ABS(E9+Resumo!$C$7-G9)<=0.01),"OK","VERIFICAR") -> OK | I9: Ø 40 | J9: EL. +16,95 | K9: 8.75 | L9: NÃO INICIADO | N9: NÃO INICIADO | P9: NÃO INICIADO | R9: NÃO INICIADO | T9: =(COUNTIF(L9,"CONCLUÍDO")+COUNTIF(N9,"CONCLUÍDO")+COUNTIF(P9,"CONCLUÍDO")+COUNTIF(R9,"CONCLUÍDO"))/4 -> 0
A10: 2 | B10: EF1-002 | C10: FORNO F-5700001 | D10: 5051.087 | E10: 3173.048 | F10: 720006.52 | G10: 7492127.4 | H10: =IF(AND(ABS(D10+Resumo!$C$6-F10)<=0.01,ABS(E10+Resumo!$C$7-G10)<=0.01),"OK","VERIFICAR") -> OK | I10: Ø 40 | J10: EL. +16,95 | K10: 8.75 | L10: NÃO INICIADO | N10: NÃO INICIADO | P10: NÃO INICIADO | R10: NÃO INICIADO | T10: =(COUNTIF(L10,"CONCLUÍDO")+COUNTIF(N10,"CONCLUÍDO")+COUNTIF(P10,"CONCLUÍDO")+COUNTIF(R10,"CONCLUÍDO"))/4 -> 0
A11: 3 | B11: EF1-003 | C11: FORNO F-5700001 | D11: 5051.087 | E11: 3174.548 | F11: 720006.52 | G11: 7492128.9 | H11: =IF(AND(ABS(D11+Resumo!$C$6-F11)<=0.01,ABS(E11+Resumo!$C$7-G11)<=0.01),"OK","VERIFICAR") -> OK | I11: Ø 40 | J11: EL. +16,95 | K11: 8.75 | L11: NÃO INICIADO | N11: NÃO INICIADO | P11: NÃO INICIADO | R11: NÃO INICIADO | T11: =(COUNTIF(L11,"CONCLUÍDO")+COUNTIF(N11,"CONCLUÍDO")+COUNTIF(P11,"CONCLUÍDO")+COUNTIF(R11,"CONCLUÍDO"))/4 -> 0
A12: 4 | B12: EF1-004 | C12: FORNO F-5700001 | D12: 5051.087 | E12: 3176.548 | F12: 720006.52 | G12: 7492130.9 | H12: =IF(AND(ABS(D12+Resumo!$C$6-F12)<=0.01,ABS(E12+Resumo!$C$7-G12)<=0.01),"OK","VERIFICAR") -> OK | I12: Ø 40 | J12: EL. +16,95 | K12: 8.75 | L12: NÃO INICIADO | N12: NÃO INICIADO | P12: NÃO INICIADO | R12: NÃO INICIADO | T12: =(COUNTIF(L12,"CONCLUÍDO")+COUNTIF(N12,"CONCLUÍDO")+COUNTIF(P12,"CONCLUÍDO")+COUNTIF(R12,"CONCLUÍDO"))/4 -> 0
A13: 5 | B13: EF1-005 | C13: FORNO F-5700001 | D13: 5051.087 | E13: 3178.322 | F13: 720006.52 | G13: 7492132.7 | H13: =IF(AND(ABS(D13+Resumo!$C$6-F13)<=0.01,ABS(E13+Resumo!$C$7-G13)<=0.01),"OK","VERIFICAR") -> OK | I13: Ø 40 | J13: EL. +16,95 | K13: 8.75 | L13: NÃO INICIADO | N13: NÃO INICIADO | P13: NÃO INICIADO | R13: NÃO INICIADO | T13: =(COUNTIF(L13,"CONCLUÍDO")+COUNTIF(N13,"CONCLUÍDO")+COUNTIF(P13,"CONCLUÍDO")+COUNTIF(R13,"CONCLUÍDO"))/4 -> 0
A14: 6 | B14: EF1-006 | C14: FORNO F-5700001 | D14: 5051.087 | E14: 3180.322 | F14: 720006.52 | G14: 7492134.7 | H14: =IF(AND(ABS(D14+Resumo!$C$6-F14)<=0.01,ABS(E14+Resumo!$C$7-G14)<=0.01),"OK","VERIFICAR") -> OK | I14: Ø 40 | J14: EL. +16,95 | K14: 8.75 | L14: NÃO INICIADO | N14: NÃO INICIADO | P14: NÃO INICIADO | R14: NÃO INICIADO | T14: =(COUNTIF(L14,"CONCLUÍDO")+COUNTIF(N14,"CONCLUÍDO")+COUNTIF(P14,"CONCLUÍDO")+COUNTIF(R14,"CONCLUÍDO"))/4 -> 0
A15: 7 | B15: EF1-007 | C15: FORNO F-5700001 | D15: 5051.087 | E15: 3181.822 | F15: 720006.52 | G15: 7492136.2 | H15: =IF(AND(ABS(D15+Resumo!$C$6-F15)<=0.01,ABS(E15+Resumo!$C$7-G15)<=0.01),"OK","VERIFICAR") -> OK | I15: Ø 40 | J15: EL. +16,95 | K15: 8.75 | L15: NÃO INICIADO | N15: NÃO INICIADO | P15: NÃO INICIADO | R15: NÃO INICIADO | T15: =(COUNTIF(L15,"CONCLUÍDO")+COUNTIF(N15,"CONCLUÍDO")+COUNTIF(P15,"CONCLUÍDO")+COUNTIF(R15,"CONCLUÍDO"))/4 -> 0
A16: 8 | B16: EF1-008 | C16: FORNO F-5700001 | D16: 5051.087 | E16: 3183.822 | F16: 720006.52 | G16: 7492138.2 | H16: =IF(AND(ABS(D16+Resumo!$C$6-F16)<=0.01,ABS(E16+Resumo!$C$7-G16)<=0.01),"OK","VERIFICAR") -> OK | I16: Ø 40 | J16: EL. +16,95 | K16: 8.75 | L16: NÃO INICIADO | N16: NÃO INICIADO | P16: NÃO INICIADO | R16: NÃO INICIADO | T16: =(COUNTIF(L16,"CONCLUÍDO")+COUNTIF(N16,"CONCLUÍDO")+COUNTIF(P16,"CONCLUÍDO")+COUNTIF(R16,"CONCLUÍDO"))/4 -> 0
A17: 9 | B17: EF1-009 | C17: FORNO F-5700001 | D17: 5054.671 | E17: 3171.048 | F17: 720010.1 | G17: 7492125.4 | H17: =IF(AND(ABS(D17+Resumo!$C$6-F17)<=0.01,ABS(E17+Resumo!$C$7-G17)<=0.01),"OK","VERIFICAR") -> OK | I17: Ø 40 | J17: EL. +16,95 | K17: 8.75 | L17: NÃO INICIADO | N17: NÃO INICIADO | P17: NÃO INICIADO | R17: NÃO INICIADO | T17: =(COUNTIF(L17,"CONCLUÍDO")+COUNTIF(N17,"CONCLUÍDO")+COUNTIF(P17,"CONCLUÍDO")+COUNTIF(R17,"CONCLUÍDO"))/4 -> 0
A18: 10 | B18: EF1-010 | C18: FORNO F-5700001 | D18: 5054.671 | E18: 3173.048 | F18: 720010.1 | G18: 7492127.4 | H18: =IF(AND(ABS(D18+Resumo!$C$6-F18)<=0.01,ABS(E18+Resumo!$C$7-G18)<=0.01),"OK","VERIFICAR") -> OK | I18: Ø 40 | J18: EL. +16,95 | K18: 8.75 | L18: NÃO INICIADO | N18: NÃO INICIADO | P18: NÃO INICIADO | R18: NÃO INICIADO | T18: =(COUNTIF(L18,"CONCLUÍDO")+COUNTIF(N18,"CONCLUÍDO")+COUNTIF(P18,"CONCLUÍDO")+COUNTIF(R18,"CONCLUÍDO"))/4 -> 0
A19: 11 | B19: EF1-011 | C19: FORNO F-5700001 | D19: 5054.671 | E19: 3174.548 | F19: 720010.1 | G19: 7492128.9 | H19: =IF(AND(ABS(D19+Resumo!$C$6-F19)<=0.01,ABS(E19+Resumo!$C$7-G19)<=0.01),"OK","VERIFICAR") -> OK | I19: Ø 40 | J19: EL. +16,95 | K19: 8.75 | L19: NÃO INICIADO | N19: NÃO INICIADO | P19: NÃO INICIADO | R19: NÃO INICIADO | T19: =(COUNTIF(L19,"CONCLUÍDO")+COUNTIF(N19,"CONCLUÍDO")+COUNTIF(P19,"CONCLUÍDO")+COUNTIF(R19,"CONCLUÍDO"))/4 -> 0
A20: 12 | B20: EF1-012 | C20: FORNO F-5700001 | D20: 5054.671 | E20: 3176.548 | F20: 720010.1 | G20: 7492130.9 | H20: =IF(AND(ABS(D20+Resumo!$C$6-F20)<=0.01,ABS(E20+Resumo!$C$7-G20)<=0.01),"OK","VERIFICAR") -> OK | I20: Ø 40 | J20: EL. +16,95 | K20: 8.75 | L20: NÃO INICIADO | N20: NÃO INICIADO | P20: NÃO INICIADO | R20: NÃO INICIADO | T20: =(COUNTIF(L20,"CONCLUÍDO")+COUNTIF(N20,"CONCLUÍDO")+COUNTIF(P20,"CONCLUÍDO")+COUNTIF(R20,"CONCLUÍDO"))/4 -> 0
... A44: 36 | B44: EF2-020 | C44: FORNO F-5700002 | D44: 5038.89 | E44: 3189.235 | F44: 719994.32 | G44: 7492143.6 | H44: =IF(AND(ABS(D44+Resumo!$C$6-F44)<=0.01,ABS(E44+Resumo!$C$7-G44)<=0.01),"OK","VERIFICAR") -> OK | I44: Ø 50 | J44: EL. +16,95 | K44: 8.75 | L44: NÃO INICIADO | N44: NÃO INICIADO | P44: NÃO INICIADO | R44: NÃO INICIADO | T44: =(COUNTIF(L44,"CONCLUÍDO")+COUNTIF(N44,"CONCLUÍDO")+COUNTIF(P44,"CONCLUÍDO")+COUNTIF(R44,"CONCLUÍDO"))/4 -> 0
A45: TOTAL | D45: =COUNTA(B9:B44) -> 36 | E45: estacas | L45: =COUNTIF(L9:L44,"CONCLUÍDO")&" / "&COUNTA(B9:B44) -> 0 / 36 | N45: =COUNTIF(N9:N44,"CONCLUÍDO")&" / "&COUNTA(B9:B44) -> 0 / 36 | P45: =COUNTIF(P9:P44,"CONCLUÍDO")&" / "&COUNTA(B9:B44) -> 0 / 36 | R45: =COUNTIF(R9:R44,"CONCLUÍDO")&" / "&COUNTA(B9:B44) -> 0 / 36 | T45: =AVERAGE(T9:T44) -> 0

Sheet Torre
A1: CONTROLE DE ESTAQUEAMENTO — TORRE
A2: Desenho: DE-5400.00-5700-121-TX3-003 | Rev. 0 | 12/08/2026 | ESTAQUEAMENTO - T-5700002 - PLANTA E DETALHES
A3: Coordenadas em metro, PDMS (E3D/NAVIS) e GLOBAL SIRGAS 2000 — E(PDMS)=0 → 714.955,434 m ; N(PDMS)=0 → 7.488.954,390 m (ver aba Resumo)
A4: Origem das coordenadas: CALCULADO da malha do desenho (o desenho nao traz TABELA DE COORDENADAS)
A6: Nº | B6: PONTO (TAG) | C6: ESTRUTURA | D6: COORDENADAS DE LOCAÇÃO | H6: CONF. DATUM | I6: DADOS DA ESTACA | L6: ESTAQUEAMENTO — CONTROLE DE EXECUÇÃO | T6: % CONCL. | U6: OBSERVAÇÕES
D7: E (E3D/PDMS) | E7: N (E3D/PDMS) | F7: E (GLOBAL) SIRGAS 2000 | G7: N (GLOBAL) SIRGAS 2000 | I7: Ø | J7: COTA DE ARRAS. | K7: COMPR. (m) | L7: TERRAPLANAGEM | N7: ESTAQUEAMENTO | P7: PIT | R7: ARRASAMENTO
L8: STATUS | M8: DATA | N8: STATUS | O8: DATA | P8: STATUS | Q8: DATA | R8: STATUS | S8: DATA
A9: 1 | B9: E1-T-2 | C9: TORRE T-5700002 (radier) | D9: 5006.654 | E9: 3193.93 | F9: 719962.09 | G9: 7492148.3 | H9: =IF(AND(ABS(D9+Resumo!$C$6-F9)<=0.01,ABS(E9+Resumo!$C$7-G9)<=0.01),"OK","VERIFICAR") -> OK | I9: Ø 50 | J9: EL. +16,60 | K9: 18 | L9: NÃO INICIADO | N9: NÃO INICIADO | P9: NÃO INICIADO | R9: NÃO INICIADO | T9: =(COUNTIF(L9,"CONCLUÍDO")+COUNTIF(N9,"CONCLUÍDO")+COUNTIF(P9,"CONCLUÍDO")+COUNTIF(R9,"CONCLUÍDO"))/4 -> 0
A10: 2 | B10: E2-T-2 | C10: TORRE T-5700002 (radier) | D10: 5008.154 | E10: 3193.93 | F10: 719963.59 | G10: 7492148.3 | H10: =IF(AND(ABS(D10+Resumo!$C$6-F10)<=0.01,ABS(E10+Resumo!$C$7-G10)<=0.01),"OK","VERIFICAR") -> OK | I10: Ø 50 | J10: EL. +16,60 | K10: 18 | L10: NÃO INICIADO | N10: NÃO INICIADO | P10: NÃO INICIADO | R10: NÃO INICIADO | T10: =(COUNTIF(L10,"CONCLUÍDO")+COUNTIF(N10,"CONCLUÍDO")+COUNTIF(P10,"CONCLUÍDO")+COUNTIF(R10,"CONCLUÍDO"))/4 -> 0
A11: 3 | B11: E3-T-2 | C11: TORRE T-5700002 (radier) | D11: 5009.654 | E11: 3193.93 | F11: 719965.09 | G11: 7492148.3 | H11: =IF(AND(ABS(D11+Resumo!$C$6-F11)<=0.01,ABS(E11+Resumo!$C$7-G11)<=0.01),"OK","VERIFICAR") -> OK | I11: Ø 50 | J11: EL. +16,60 | K11: 18 | L11: NÃO INICIADO | N11: NÃO INICIADO | P11: NÃO INICIADO | R11: NÃO INICIADO | T11: =(COUNTIF(L11,"CONCLUÍDO")+COUNTIF(N11,"CONCLUÍDO")+COUNTIF(P11,"CONCLUÍDO")+COUNTIF(R11,"CONCLUÍDO"))/4 -> 0
A12: 4 | B12: E4-T-2 | C12: TORRE T-5700002 (radier) | D12: 5011.154 | E12: 3193.93 | F12: 719966.59 | G12: 7492148.3 | H12: =IF(AND(ABS(D12+Resumo!$C$6-F12)<=0.01,ABS(E12+Resumo!$C$7-G12)<=0.01),"OK","VERIFICAR") -> OK | I12: Ø 50 | J12: EL. +16,60 | K12: 18 | L12: NÃO INICIADO | N12: NÃO INICIADO | P12: NÃO INICIADO | R12: NÃO INICIADO | T12: =(COUNTIF(L12,"CONCLUÍDO")+COUNTIF(N12,"CONCLUÍDO")+COUNTIF(P12,"CONCLUÍDO")+COUNTIF(R12,"CONCLUÍDO"))/4 -> 0
A13: 5 | B13: E5-T-2 | C13: TORRE T-5700002 (radier) | D13: 5012.654 | E13: 3193.93 | F13: 719968.09 | G13: 7492148.3 | H13: =IF(AND(ABS(D13+Resumo!$C$6-F13)<=0.01,ABS(E13+Resumo!$C$7-G13)<=0.01),"OK","VERIFICAR") -> OK | I13: Ø 50 | J13: EL. +16,60 | K13: 18 | L13: NÃO INICIADO | N13: NÃO INICIADO | P13: NÃO INICIADO | R13: NÃO INICIADO | T13: =(COUNTIF(L13,"CONCLUÍDO")+COUNTIF(N13,"CONCLUÍDO")+COUNTIF(P13,"CONCLUÍDO")+COUNTIF(R13,"CONCLUÍDO"))/4 -> 0
A14: 6 | B14: E6-T-2 | C14: TORRE T-5700002 (radier) | D14: 5014.154 | E14: 3193.93 | F14: 719969.59 | G14: 7492148.3 | H14: =IF(AND(ABS(D14+Resumo!$C$6-F14)<=0.01,ABS(E14+Resumo!$C$7-G14)<=0.01),"OK","VERIFICAR") -> OK | I14: Ø 50 | J14: EL. +16,60 | K14: 18 | L14: NÃO INICIADO | N14: NÃO INICIADO | P14: NÃO INICIADO | R14: NÃO INICIADO | T14: =(COUNTIF(L14,"CONCLUÍDO")+COUNTIF(N14,"CONCLUÍDO")+COUNTIF(P14,"CONCLUÍDO")+COUNTIF(R14,"CONCLUÍDO"))/4 -> 0
A15: 7 | B15: E7-T-2 | C15: TORRE T-5700002 (radier) | D15: 5015.654 | E15: 3193.93 | F15: 719971.09 | G15: 7492148.3 | H15: =IF(AND(ABS(D15+Resumo!$C$6-F15)<=0.01,ABS(E15+Resumo!$C$7-G15)<=0.01),"OK","VERIFICAR") -> OK | I15: Ø 50 | J15: EL. +16,60 | K15: 18 | L15: NÃO INICIADO | N15: NÃO INICIADO | P15: NÃO INICIADO | R15: NÃO INICIADO | T15: =(COUNTIF(L15,"CONCLUÍDO")+COUNTIF(N15,"CONCLUÍDO")+COUNTIF(P15,"CONCLUÍDO")+COUNTIF(R15,"CONCLUÍDO"))/4 -> 0
A16: 8 | B16: E8-T-2 | C16: TORRE T-5700002 (radier) | D16: 5017.154 | E16: 3193.93 | F16: 719972.59 | G16: 7492148.3 | H16: =IF(AND(ABS(D16+Resumo!$C$6-F16)<=0.01,ABS(E16+Resumo!$C$7-G16)<=0.01),"OK","VERIFICAR") -> OK | I16: Ø 50 | J16: EL. +16,60 | K16: 18 | L16: NÃO INICIADO | N16: NÃO INICIADO | P16: NÃO INICIADO | R16: NÃO INICIADO | T16: =(COUNTIF(L16,"CONCLUÍDO")+COUNTIF(N16,"CONCLUÍDO")+COUNTIF(P16,"CONCLUÍDO")+COUNTIF(R16,"CONCLUÍDO"))/4 -> 0
A17: 9 | B17: E9-T-2 | C17: TORRE T-5700002 (radier) | D17: 5018.654 | E17: 3193.93 | F17: 719974.09 | G17: 7492148.3 | H17: =IF(AND(ABS(D17+Resumo!$C$6-F17)<=0.01,ABS(E17+Resumo!$C$7-G17)<=0.01),"OK","VERIFICAR") -> OK | I17: Ø 50 | J17: EL. +16,60 | K17: 18 | L17: NÃO INICIADO | N17: NÃO INICIADO | P17: NÃO INICIADO | R17: NÃO INICIADO | T17: =(COUNTIF(L17,"CONCLUÍDO")+COUNTIF(N17,"CONCLUÍDO")+COUNTIF(P17,"CONCLUÍDO")+COUNTIF(R17,"CONCLUÍDO"))/4 -> 0
A18: 10 | B18: E10-T-2 | C18: TORRE T-5700002 (radier) | D18: 5020.154 | E18: 3193.93 | F18: 719975.59 | G18: 7492148.3 | H18: =IF(AND(ABS(D18+Resumo!$C$6-F18)<=0.01,ABS(E18+Resumo!$C$7-G18)<=0.01),"OK","VERIFICAR") -> OK | I18: Ø 50 | J18: EL. +16,60 | K18: 18 | L18: NÃO INICIADO | N18: NÃO INICIADO | P18: NÃO INICIADO | R18: NÃO INICIADO | T18: =(COUNTIF(L18,"CONCLUÍDO")+COUNTIF(N18,"CONCLUÍDO")+COUNTIF(P18,"CONCLUÍDO")+COUNTIF(R18,"CONCLUÍDO"))/4 -> 0
A19: 11 | B19: E11-T-2 | C19: TORRE T-5700002 (radier) | D19: 5021.654 | E19: 3193.93 | F19: 719977.09 | G19: 7492148.3 | H19: =IF(AND(ABS(D19+Resumo!$C$6-F19)<=0.01,ABS(E19+Resumo!$C$7-G19)<=0.01),"OK","VERIFICAR") -> OK | I19: Ø 50 | J19: EL. +16,60 | K19: 18 | L19: NÃO INICIADO | N19: NÃO INICIADO | P19: NÃO INICIADO | R19: NÃO INICIADO | T19: =(COUNTIF(L19,"CONCLUÍDO")+COUNTIF(N19,"CONCLUÍDO")+COUNTIF(P19,"CONCLUÍDO")+COUNTIF(R19,"CONCLUÍDO"))/4 -> 0
A20: 12 | B20: E12-T-2 | C20: TORRE T-5700002 (radier) | D20: 5006.654 | E20: 3192.43 | F20: 719962.09 | G20: 7492146.8 | H20: =IF(AND(ABS(D20+Resumo!$C$6-F20)<=0.01,ABS(E20+Resumo!$C$7-G20)<=0.01),"OK","VERIFICAR") -> OK | I20: Ø 50 | J20: EL. +16,60 | K20: 18 | L20: NÃO INICIADO | N20: NÃO INICIADO | P20: NÃO INICIADO | R20: NÃO INICIADO | T20: =(COUNTIF(L20,"CONCLUÍDO")+COUNTIF(N20,"CONCLUÍDO")+COUNTIF(P20,"CONCLUÍDO")+COUNTIF(R20,"CONCLUÍDO"))/4 -> 0
... A104: 96 | B104: E96-T-2 | C104: TORRE T-5700002 (radier) | D104: 5021.654 | E104: 3178.93 | F104: 719977.09 | G104: 7492133.3 | H104: =IF(AND(ABS(D104+Resumo!$C$6-F104)<=0.01,ABS(E104+Resumo!$C$7-G104)<=0.01),"OK","VERIFICAR") -> OK | I104: Ø 50 | J104: EL. +16,60 | K104: 18 | L104: NÃO INICIADO | N104: NÃO INICIADO | P104: NÃO INICIADO | R104: NÃO INICIADO | T104: =(COUNTIF(L104,"CONCLUÍDO")+COUNTIF(N104,"CONCLUÍDO")+COUNTIF(P104,"CONCLUÍDO")+COUNTIF(R104,"CONCLUÍDO"))/4 -> 0
A105: TOTAL | D105: =COUNTA(B9:B104) -> 96 | E105: estacas | L105: =COUNTIF(L9:L104,"CONCLUÍDO")&" / "&COUNTA(B9:B104) -> 0 / 96 | N105: =COUNTIF(N9:N104,"CONCLUÍDO")&" / "&COUNTA(B9:B104) -> 0 / 96 | P105: =COUNTIF(P9:P104,"CONCLUÍDO")&" / "&COUNTA(B9:B104) -> 0 / 96 | R105: =COUNTIF(R9:R104,"CONCLUÍDO")&" / "&COUNTA(B9:B104) -> 0 / 96 | T105: =AVERAGE(T9:T104) -> 0

Sheet Reatores
A1: CONTROLE DE ESTAQUEAMENTO — REATORES
A2: Desenho: DE-5400.00-5700-121-TX3-006 | Rev. 0 | 04/08/2026 | ESTAQUEAMENTO - PRÉDIO E BASE DOS REATORES R-5700001 & R-5700002
A3: Coordenadas em metro, PDMS (E3D/NAVIS) e GLOBAL SIRGAS 2000 — E(PDMS)=0 → 714.955,434 m ; N(PDMS)=0 → 7.488.954,390 m (ver aba Resumo)
A4: Origem das coordenadas: TABELA DE COORDENADAS do desenho
A6: Nº | B6: PONTO (TAG) | C6: ESTRUTURA | D6: COORDENADAS DE LOCAÇÃO | H6: CONF. DATUM | I6: DADOS DA ESTACA | L6: ESTAQUEAMENTO — CONTROLE DE EXECUÇÃO | T6: % CONCL. | U6: OBSERVAÇÕES
D7: E (E3D/PDMS) | E7: N (E3D/PDMS) | F7: E (GLOBAL) SIRGAS 2000 | G7: N (GLOBAL) SIRGAS 2000 | I7: Ø | J7: COTA DE ARRAS. | K7: COMPR. (m) | L7: TERRAPLANAGEM | N7: ESTAQUEAMENTO | P7: PIT | R7: ARRASAMENTO
L8: STATUS | M8: DATA | N8: STATUS | O8: DATA | P8: STATUS | Q8: DATA | R8: STATUS | S8: DATA
A9: 1 | B9: E1-BR1 | C9: BASE REATOR R-5700001 | D9: 5054.2 | E9: 3216.33 | F9: 720009.63 | G9: 7492170.7 | H9: =IF(AND(ABS(D9+Resumo!$C$6-F9)<=0.01,ABS(E9+Resumo!$C$7-G9)<=0.01),"OK","VERIFICAR") -> OK | I9: Ø 50 | J9: EL. +18,55 | K9: 12 | L9: NÃO INICIADO | N9: NÃO INICIADO | P9: NÃO INICIADO | R9: NÃO INICIADO | T9: =(COUNTIF(L9,"CONCLUÍDO")+COUNTIF(N9,"CONCLUÍDO")+COUNTIF(P9,"CONCLUÍDO")+COUNTIF(R9,"CONCLUÍDO"))/4 -> 0
A10: 2 | B10: E2-BR1 | C10: BASE REATOR R-5700001 | D10: 5055.72 | E10: 3216.33 | F10: 720011.15 | G10: 7492170.7 | H10: =IF(AND(ABS(D10+Resumo!$C$6-F10)<=0.01,ABS(E10+Resumo!$C$7-G10)<=0.01),"OK","VERIFICAR") -> OK | I10: Ø 50 | J10: EL. +18,55 | K10: 12 | L10: NÃO INICIADO | N10: NÃO INICIADO | P10: NÃO INICIADO | R10: NÃO INICIADO | T10: =(COUNTIF(L10,"CONCLUÍDO")+COUNTIF(N10,"CONCLUÍDO")+COUNTIF(P10,"CONCLUÍDO")+COUNTIF(R10,"CONCLUÍDO"))/4 -> 0
A11: 3 | B11: E3-BR1 | C11: BASE REATOR R-5700001 | D11: 5053.44 | E11: 3215.01 | F11: 720008.86 | G11: 7492169.4 | H11: =IF(AND(ABS(D11+Resumo!$C$6-F11)<=0.01,ABS(E11+Resumo!$C$7-G11)<=0.01),"OK","VERIFICAR") -> OK | I11: Ø 50 | J11: EL. +18,55 | K11: 12 | L11: NÃO INICIADO | N11: NÃO INICIADO | P11: NÃO INICIADO | R11: NÃO INICIADO | T11: =(COUNTIF(L11,"CONCLUÍDO")+COUNTIF(N11,"CONCLUÍDO")+COUNTIF(P11,"CONCLUÍDO")+COUNTIF(R11,"CONCLUÍDO"))/4 -> 0
A12: 4 | B12: E4-BR1 | C12: BASE REATOR R-5700001 | D12: 5056.48 | E12: 3215.01 | F12: 720011.91 | G12: 7492169.4 | H12: =IF(AND(ABS(D12+Resumo!$C$6-F12)<=0.01,ABS(E12+Resumo!$C$7-G12)<=0.01),"OK","VERIFICAR") -> OK | I12: Ø 50 | J12: EL. +18,55 | K12: 12 | L12: NÃO INICIADO | N12: NÃO INICIADO | P12: NÃO INICIADO | R12: NÃO INICIADO | T12: =(COUNTIF(L12,"CONCLUÍDO")+COUNTIF(N12,"CONCLUÍDO")+COUNTIF(P12,"CONCLUÍDO")+COUNTIF(R12,"CONCLUÍDO"))/4 -> 0
A13: 5 | B13: E5-BR1 | C13: BASE REATOR R-5700001 | D13: 5054.2 | E13: 3213.69 | F13: 720009.63 | G13: 7492168.1 | H13: =IF(AND(ABS(D13+Resumo!$C$6-F13)<=0.01,ABS(E13+Resumo!$C$7-G13)<=0.01),"OK","VERIFICAR") -> OK | I13: Ø 50 | J13: EL. +18,55 | K13: 12 | L13: NÃO INICIADO | N13: NÃO INICIADO | P13: NÃO INICIADO | R13: NÃO INICIADO | T13: =(COUNTIF(L13,"CONCLUÍDO")+COUNTIF(N13,"CONCLUÍDO")+COUNTIF(P13,"CONCLUÍDO")+COUNTIF(R13,"CONCLUÍDO"))/4 -> 0
A14: 6 | B14: E6-BR1 | C14: BASE REATOR R-5700001 | D14: 5055.72 | E14: 3213.69 | F14: 720011.15 | G14: 7492168.1 | H14: =IF(AND(ABS(D14+Resumo!$C$6-F14)<=0.01,ABS(E14+Resumo!$C$7-G14)<=0.01),"OK","VERIFICAR") -> OK | I14: Ø 50 | J14: EL. +18,55 | K14: 12 | L14: NÃO INICIADO | N14: NÃO INICIADO | P14: NÃO INICIADO | R14: NÃO INICIADO | T14: =(COUNTIF(L14,"CONCLUÍDO")+COUNTIF(N14,"CONCLUÍDO")+COUNTIF(P14,"CONCLUÍDO")+COUNTIF(R14,"CONCLUÍDO"))/4 -> 0
A15: 7 | B15: E1-BR2 | C15: BASE REATOR R-5700002 | D15: 5048.2 | E15: 3216.33 | F15: 720003.63 | G15: 7492170.7 | H15: =IF(AND(ABS(D15+Resumo!$C$6-F15)<=0.01,ABS(E15+Resumo!$C$7-G15)<=0.01),"OK","VERIFICAR") -> OK | I15: Ø 50 | J15: EL. +18,55 | K15: 12 | L15: NÃO INICIADO | N15: NÃO INICIADO | P15: NÃO INICIADO | R15: NÃO INICIADO | T15: =(COUNTIF(L15,"CONCLUÍDO")+COUNTIF(N15,"CONCLUÍDO")+COUNTIF(P15,"CONCLUÍDO")+COUNTIF(R15,"CONCLUÍDO"))/4 -> 0
A16: 8 | B16: E2-BR2 | C16: BASE REATOR R-5700002 | D16: 5049.72 | E16: 3216.33 | F16: 720005.15 | G16: 7492170.7 | H16: =IF(AND(ABS(D16+Resumo!$C$6-F16)<=0.01,ABS(E16+Resumo!$C$7-G16)<=0.01),"OK","VERIFICAR") -> OK | I16: Ø 50 | J16: EL. +18,55 | K16: 12 | L16: NÃO INICIADO | N16: NÃO INICIADO | P16: NÃO INICIADO | R16: NÃO INICIADO | T16: =(COUNTIF(L16,"CONCLUÍDO")+COUNTIF(N16,"CONCLUÍDO")+COUNTIF(P16,"CONCLUÍDO")+COUNTIF(R16,"CONCLUÍDO"))/4 -> 0
A17: 9 | B17: E3-BR2 | C17: BASE REATOR R-5700002 | D17: 5047.44 | E17: 3215.01 | F17: 720002.86 | G17: 7492169.4 | H17: =IF(AND(ABS(D17+Resumo!$C$6-F17)<=0.01,ABS(E17+Resumo!$C$7-G17)<=0.01),"OK","VERIFICAR") -> OK | I17: Ø 50 | J17: EL. +18,55 | K17: 12 | L17: NÃO INICIADO | N17: NÃO INICIADO | P17: NÃO INICIADO | R17: NÃO INICIADO | T17: =(COUNTIF(L17,"CONCLUÍDO")+COUNTIF(N17,"CONCLUÍDO")+COUNTIF(P17,"CONCLUÍDO")+COUNTIF(R17,"CONCLUÍDO"))/4 -> 0
A18: 10 | B18: E4-BR2 | C18: BASE REATOR R-5700002 | D18: 5050.48 | E18: 3215.01 | F18: 720005.91 | G18: 7492169.4 | H18: =IF(AND(ABS(D18+Resumo!$C$6-F18)<=0.01,ABS(E18+Resumo!$C$7-G18)<=0.01),"OK","VERIFICAR") -> OK | I18: Ø 50 | J18: EL. +18,55 | K18: 12 | L18: NÃO INICIADO | N18: NÃO INICIADO | P18: NÃO INICIADO | R18: NÃO INICIADO | T18: =(COUNTIF(L18,"CONCLUÍDO")+COUNTIF(N18,"CONCLUÍDO")+COUNTIF(P18,"CONCLUÍDO")+COUNTIF(R18,"CONCLUÍDO"))/4 -> 0
A19: 11 | B19: E5-BR2 | C19: BASE REATOR R-5700002 | D19: 5048.2 | E19: 3213.69 | F19: 720003.63 | G19: 7492168.1 | H19: =IF(AND(ABS(D19+Resumo!$C$6-F19)<=0.01,ABS(E19+Resumo!$C$7-G19)<=0.01),"OK","VERIFICAR") -> OK | I19: Ø 50 | J19: EL. +18,55 | K19: 12 | L19: NÃO INICIADO | N19: NÃO INICIADO | P19: NÃO INICIADO | R19: NÃO INICIADO | T19: =(COUNTIF(L19,"CONCLUÍDO")+COUNTIF(N19,"CONCLUÍDO")+COUNTIF(P19,"CONCLUÍDO")+COUNTIF(R19,"CONCLUÍDO"))/4 -> 0
A20: 12 | B20: E6-BR2 | C20: BASE REATOR R-5700002 | D20: 5049.72 | E20: 3213.69 | F20: 720005.15 | G20: 7492168.1 | H20: =IF(AND(ABS(D20+Resumo!$C$6-F20)<=0.01,ABS(E20+Resumo!$C$7-G20)<=0.01),"OK","VERIFICAR") -> OK | I20: Ø 50 | J20: EL. +18,55 | K20: 12 | L20: NÃO INICIADO | N20: NÃO INICIADO | P20: NÃO INICIADO | R20: NÃO INICIADO | T20: =(COUNTIF(L20,"CONCLUÍDO")+COUNTIF(N20,"CONCLUÍDO")+COUNTIF(P20,"CONCLUÍDO")+COUNTIF(R20,"CONCLUÍDO"))/4 -> 0
... A28: 20 | B28: E8-PRE | C28: PRÉDIO DOS REATORES | D28: 5060.76 | E28: 3212.01 | F28: 720016.19 | G28: 7492166.4 | H28: =IF(AND(ABS(D28+Resumo!$C$6-F28)<=0.01,ABS(E28+Resumo!$C$7-G28)<=0.01),"OK","VERIFICAR") -> OK | I28: Ø 50 | J28: EL. +17,30 | K28: 12 | L28: NÃO INICIADO | N28: NÃO INICIADO | P28: NÃO INICIADO | R28: NÃO INICIADO | T28: =(COUNTIF(L28,"CONCLUÍDO")+COUNTIF(N28,"CONCLUÍDO")+COUNTIF(P28,"CONCLUÍDO")+COUNTIF(R28,"CONCLUÍDO"))/4 -> 0
A29: TOTAL | D29: =COUNTA(B9:B28) -> 20 | E29: estacas | L29: =COUNTIF(L9:L28,"CONCLUÍDO")&" / "&COUNTA(B9:B28) -> 0 / 20 | N29: =COUNTIF(N9:N28,"CONCLUÍDO")&" / "&COUNTA(B9:B28) -> 0 / 20 | P29: =COUNTIF(P9:P28,"CONCLUÍDO")&" / "&COUNTA(B9:B28) -> 0 / 20 | R29: =COUNTIF(R9:R28,"CONCLUÍDO")&" / "&COUNTA(B9:B28) -> 0 / 20 | T29: =AVERAGE(T9:T28) -> 0
