Workbook

Sheet PARÂMETROS
A1: PARÂMETROS DE CÁLCULO DA QUANTIDADE DAS FICHAS DE TAREFA
A2: Origem: MC-TERRAPLANAGEM_U-6310_U-6312_Rev0.xlsx — abas QUANT-LINHA e DISTRIB-FT
A4: Item | B4: Parâmetro | C4: Valor | D4: Unid. | E4: Observação
A5: 1 | B5: Fator de empolamento (corte → solto) | C5: 1.4 | D5: — | E5: Fator vigente na planilha original. Confirmar por ensaio / ET-5400.00-6310-113-TX3-001 antes da medição.
A6: 2 | B6: Cota de limpeza do terreno | C6: 19 | D6: m | E6: Nota da tabela de quantitativos e Nota 7 dos cortes.
A7: 3 | B7: Cota do greide de projeto sob o tanque | C7: 17.5 | D7: m | E7: 'GREIDE DE PROJETO EL.17,50' — cortes A-A a E-E.
A8: 4 | B8: Profundidade de escavação | C8: 1.5 | D8: m | E8: Calculado: Item 2 − Item 3. Coerente com a Nota 4 do desenho.
B10: CORTE GEOMÉTRICO POR LINHA DE TANQUES — TABELA DO DESENHO DE-5400.00-6310-113-TX3-003 rev.0
A11: Linha | B11: Local | C11: CORTE (m³) | D11: REATERRO (m³) | E11: Nº de tanques | F11: Tanques por FT
A12: 816 | B12: TQ-6310816A ATÉ TQ-6310816D E BACIAS | C12: 4100.16 | D12: 3945.84 | E12: 4 | F12: 2
A13: 817 | B13: TQ-6310817A ATÉ TQ-6310817D E BACIAS | C13: 4130.06 | D13: 3947.5 | E13: 4 | F13: 2
A14: 818 | B14: TQ-6310818A ATÉ TQ-6310818D E BACIAS | C14: 3599.36 | D14: 3455.05 | E14: 4 | F14: 2
A15: 815 | B15: TQ-6310815A ATÉ TQ-6310815D E BACIAS | C15: 2649.19 | D15: 2492.22 | E15: 4 | F15: 2
A16: 824 | B16: TQ-6312824 E BACIA | C16: 2789.14 | D16: 1756.44 | E16: 2 | F16: 1
B18: Quantidade da FT = CORTE da linha × (tanques da FT ÷ nº de tanques da linha) × fator de empolamento.
B19: Para o TQ-6312824 (tanque único dividido em 2 FTs), a fração é 1/2 do corte da linha.

Sheet IMPORTAÇÃO
A1: Tag | Componente Rastreavel | B1: Descricao Tag | C1: Disciplina | D1: SSOP | E1: Chave Importacao | F1: Data Programada | G1: Area | H1: Codigo Primavera | I1: Quantidade | J1: Unidade | K1: Observacoes | L1: Responsavel Inspetor | M1: Descricao Do Escopo | N1: Documento De Referencia | O1: Tipo De Folha | P1: Total HH | Q1: Item PPU | R1: Responsavel Setor | S1: Atividades | T1: Data Conclusao | U1: Numero Pontos Componente | V1: Pastas De Teste | W1: Pla Fto Nm Fto Referencia | X1: Total pontod FTO | Y1: Tipo Atividade
A2: TQ-6310816D/C | B2: TERRAPLANAGEM DE IMPLANTAÇÃO | C2: CIVIL | D2: N/A | E2: FT-CV-2619 | F2: 46262 | G2: U6310 | H2: U6310-C-610246000 | I2: =PARÂMETROS!$C$12*(PARÂMETROS!$F$12/PARÂMETROS!$E$12)*PARÂMETROS!$C$5 | J2: M³ | K2: Quantidade revisada conforme memória de cálculo MC-TERRAPLANAGEM_U-6310_U-6312_Rev0, com base no DE-5400.00-6310-113-TX3-003 rev.0. O ID usado sofrerá alterações com a aprovação do Book B. | L2: brener.cabral | M2: EXECUÇÃO DA TERRAPLANAGEM NO PÁTIO DE TANCAGEM U-6310 | N2: DE-5400.00-6310-113-TX3-003 | O2: EXEC | R2: PRODUCAO | S2: 001-CORTE;002-TROCA DE SOLO;003-ATERRO;004-COMPACTAÇÃO | Y2: N/A
A3: TQ-6310816B/A | B3: TERRAPLANAGEM DE IMPLANTAÇÃO | C3: CIVIL | D3: N/A | E3: FT-CV-2620 | F3: 46269 | G3: U6310 | H3: U6310-C-610246000 | I3: =PARÂMETROS!$C$12*(PARÂMETROS!$F$12/PARÂMETROS!$E$12)*PARÂMETROS!$C$5 | J3: M³ | K3: Quantidade revisada conforme memória de cálculo MC-TERRAPLANAGEM_U-6310_U-6312_Rev0, com base no DE-5400.00-6310-113-TX3-003 rev.0. O ID usado sofrerá alterações com a aprovação do Book B. | L3: brener.cabral | M3: EXECUÇÃO DA TERRAPLANAGEM NO PÁTIO DE TANCAGEM U-6310 | N3: DE-5400.00-6310-113-TX3-003 | O3: EXEC | R3: PRODUCAO | S3: 001-CORTE;002-TROCA DE SOLO;003-ATERRO;004-COMPACTAÇÃO | Y3: N/A
A4: TQ-6310817D/C | B4: TERRAPLANAGEM DE IMPLANTAÇÃO | C4: CIVIL | D4: N/A | E4: FT-CV-2621 | F4: 46276 | G4: U6310 | H4: U6310-C-610250000 | I4: =PARÂMETROS!$C$13*(PARÂMETROS!$F$13/PARÂMETROS!$E$13)*PARÂMETROS!$C$5 | J4: M³ | K4: Quantidade revisada conforme memória de cálculo MC-TERRAPLANAGEM_U-6310_U-6312_Rev0, com base no DE-5400.00-6310-113-TX3-003 rev.0. O ID usado sofrerá alterações com a aprovação do Book B. | L4: brener.cabral | M4: EXECUÇÃO DA TERRAPLANAGEM NO PÁTIO DE TANCAGEM U-6310 | N4: DE-5400.00-6310-113-TX3-003 | O4: EXEC | R4: PRODUCAO | S4: 001-CORTE;002-TROCA DE SOLO;003-ATERRO;004-COMPACTAÇÃO | Y4: N/A
A5: TQ-6310817B/A | B5: TERRAPLANAGEM DE IMPLANTAÇÃO | C5: CIVIL | D5: N/A | E5: FT-CV-2622 | F5: 46283 | G5: U6310 | H5: U6310-C-610250000 | I5: =PARÂMETROS!$C$13*(PARÂMETROS!$F$13/PARÂMETROS!$E$13)*PARÂMETROS!$C$5 | J5: M³ | K5: Quantidade revisada conforme memória de cálculo MC-TERRAPLANAGEM_U-6310_U-6312_Rev0, com base no DE-5400.00-6310-113-TX3-003 rev.0. O ID usado sofrerá alterações com a aprovação do Book B. | L5: brener.cabral | M5: EXECUÇÃO DA TERRAPLANAGEM NO PÁTIO DE TANCAGEM U-6310 | N5: DE-5400.00-6310-113-TX3-003 | O5: EXEC | R5: PRODUCAO | S5: 001-CORTE;002-TROCA DE SOLO;003-ATERRO;004-COMPACTAÇÃO | Y5: N/A
A6: TQ-6312824_1 | B6: TERRAPLANAGEM DE IMPLANTAÇÃO | C6: CIVIL | D6: N/A | E6: FT-CV-2623 | F6: 46290 | G6: U6312 | H6: U6312-C-710073000 | I6: =PARÂMETROS!$C$16*(PARÂMETROS!$F$16/PARÂMETROS!$E$16)*PARÂMETROS!$C$5 | J6: M³ | K6: Quantidade revisada conforme memória de cálculo MC-TERRAPLANAGEM_U-6310_U-6312_Rev0, com base no DE-5400.00-6310-113-TX3-003 rev.0. O ID usado sofrerá alterações com a aprovação do Book B. | L6: brener.cabral | M6: EXECUÇÃO DA TERRAPLANAGEM NO PÁTIO DE TANCAGEM U-6312 | N6: DE-5400.00-6310-113-TX3-003 | O6: EXEC | R6: PRODUCAO | S6: 001-CORTE;002-TROCA DE SOLO;003-ATERRO;004-COMPACTAÇÃO | Y6: N/A
A7: TQ-6312824_2 | B7: TERRAPLANAGEM DE IMPLANTAÇÃO | C7: CIVIL | D7: N/A | E7: FT-CV-2624 | F7: 46297 | G7: U6312 | H7: U6312-C-710073000 | I7: =PARÂMETROS!$C$16*(PARÂMETROS!$F$16/PARÂMETROS!$E$16)*PARÂMETROS!$C$5 | J7: M³ | K7: Quantidade revisada conforme memória de cálculo MC-TERRAPLANAGEM_U-6310_U-6312_Rev0, com base no DE-5400.00-6310-113-TX3-003 rev.0. O ID usado sofrerá alterações com a aprovação do Book B. | L7: brener.cabral | M7: EXECUÇÃO DA TERRAPLANAGEM NO PÁTIO DE TANCAGEM U-6312 | N7: DE-5400.00-6310-113-TX3-003 | O7: EXEC | R7: PRODUCAO | S7: 001-CORTE;002-TROCA DE SOLO;003-ATERRO;004-COMPACTAÇÃO | Y7: N/A
A8: TQ-6310818D/C | B8: TERRAPLANAGEM DE IMPLANTAÇÃO | C8: CIVIL | D8: N/A | E8: FT-CV-2625 | F8: 46304 | G8: U6310 | H8: U6310-C-620256000 | I8: =PARÂMETROS!$C$14*(PARÂMETROS!$F$14/PARÂMETROS!$E$14)*PARÂMETROS!$C$5 | J8: M³ | K8: Quantidade revisada conforme memória de cálculo MC-TERRAPLANAGEM_U-6310_U-6312_Rev0, com base no DE-5400.00-6310-113-TX3-003 rev.0. O ID usado sofrerá alterações com a aprovação do Book B. | L8: brener.cabral | M8: EXECUÇÃO DA TERRAPLANAGEM NO PÁTIO DE TANCAGEM U-6310 | N8: DE-5400.00-6310-113-TX3-003 | O8: EXEC | R8: PRODUCAO | S8: 001-CORTE;002-TROCA DE SOLO;003-ATERRO;004-COMPACTAÇÃO | Y8: N/A
A9: TQ-6310818B/A | B9: TERRAPLANAGEM DE IMPLANTAÇÃO | C9: CIVIL | D9: N/A | E9: FT-CV-2626 | F9: 46311 | G9: U6310 | H9: U6310-C-620256000 | I9: =PARÂMETROS!$C$14*(PARÂMETROS!$F$14/PARÂMETROS!$E$14)*PARÂMETROS!$C$5 | J9: M³ | K9: Quantidade revisada conforme memória de cálculo MC-TERRAPLANAGEM_U-6310_U-6312_Rev0, com base no DE-5400.00-6310-113-TX3-003 rev.0. O ID usado sofrerá alterações com a aprovação do Book B. | L9: brener.cabral | M9: EXECUÇÃO DA TERRAPLANAGEM NO PÁTIO DE TANCAGEM U-6310 | N9: DE-5400.00-6310-113-TX3-003 | O9: EXEC | R9: PRODUCAO | S9: 001-CORTE;002-TROCA DE SOLO;003-ATERRO;004-COMPACTAÇÃO | Y9: N/A
A10: TQ-6310815D/C | B10: TERRAPLANAGEM DE IMPLANTAÇÃO | C10: CIVIL | D10: N/A | E10: FT-CV-2627 | F10: 46318 | G10: U6310 | H10: U6310-C-620252000 | I10: =PARÂMETROS!$C$15*(PARÂMETROS!$F$15/PARÂMETROS!$E$15)*PARÂMETROS!$C$5 | J10: M³ | K10: Quantidade revisada conforme memória de cálculo MC-TERRAPLANAGEM_U-6310_U-6312_Rev0, com base no DE-5400.00-6310-113-TX3-003 rev.0. O ID usado sofrerá alterações com a aprovação do Book B. | L10: brener.cabral | M10: EXECUÇÃO DA TERRAPLANAGEM NO PÁTIO DE TANCAGEM U-6310 | N10: DE-5400.00-6310-113-TX3-003 | O10: EXEC | R10: PRODUCAO | S10: 001-CORTE;002-TROCA DE SOLO;003-ATERRO;004-COMPACTAÇÃO | Y10: N/A
A11: TQ-6310815B/A | B11: TERRAPLANAGEM DE IMPLANTAÇÃO | C11: CIVIL | D11: N/A | E11: FT-CV-2628 | F11: 46325 | G11: U6310 | H11: U6310-C-620252000 | I11: =PARÂMETROS!$C$15*(PARÂMETROS!$F$15/PARÂMETROS!$E$15)*PARÂMETROS!$C$5 | J11: M³ | K11: Quantidade revisada conforme memória de cálculo MC-TERRAPLANAGEM_U-6310_U-6312_Rev0, com base no DE-5400.00-6310-113-TX3-003 rev.0. O ID usado sofrerá alterações com a aprovação do Book B. | L11: brener.cabral | M11: EXECUÇÃO DA TERRAPLANAGEM NO PÁTIO DE TANCAGEM U-6310 | N11: DE-5400.00-6310-113-TX3-003 | O11: EXEC | R11: PRODUCAO | S11: 001-CORTE;002-TROCA DE SOLO;003-ATERRO;004-COMPACTAÇÃO | Y11: N/A
H12: TOTAL | I12: =SUM(I2:I11)

Sheet CONTROLE DE REVISÃO
A1: CONTROLE DE REVISÃO — QUANTIDADES DAS FICHAS DE TAREFA
A3: Chave de importação | B3: TAG | C3: Quantidade anterior (m³) | D3: Quantidade revisada (m³) | E3: Diferença (m³) | F3: Variação
A4: FT-CV-2619 | B4: TQ-6310816D/C | C4: 1192.7825 | D4: =IMPORTAÇÃO!I2 | E4: =D4-C4 | F4: =D4/C4-1
A5: FT-CV-2620 | B5: TQ-6310816B/A | C5: 1192.7825 | D5: =IMPORTAÇÃO!I3 | E5: =D5-C5 | F5: =D5/C5-1
A6: FT-CV-2621 | B6: TQ-6310817D/C | C6: 1207.3894 | D6: =IMPORTAÇÃO!I4 | E6: =D6-C6 | F6: =D6/C6-1
A7: FT-CV-2622 | B7: TQ-6310817B/A | C7: 1207.3894 | D7: =IMPORTAÇÃO!I5 | E7: =D7-C7 | F7: =D7/C7-1
A8: FT-CV-2623 | B8: TQ-6312824_1 | C8: 1095.5812 | D8: =IMPORTAÇÃO!I6 | E8: =D8-C8 | F8: =D8/C8-1
A9: FT-CV-2624 | B9: TQ-6312824_2 | C9: 1095.5812 | D9: =IMPORTAÇÃO!I7 | E9: =D9-C9 | F9: =D9/C9-1
A10: FT-CV-2625 | B10: TQ-6310818D/C | C10: 1014.9223 | D10: =IMPORTAÇÃO!I8 | E10: =D10-C10 | F10: =D10/C10-1
A11: FT-CV-2626 | B11: TQ-6310818B/A | C11: 1014.9223 | D11: =IMPORTAÇÃO!I9 | E11: =D11-C11 | F11: =D11/C11-1
A12: FT-CV-2627 | B12: TQ-6310815D/C | C12: 693.7714 | D12: =IMPORTAÇÃO!I10 | E12: =D12-C12 | F12: =D12/C12-1
A13: FT-CV-2628 | B13: TQ-6310815B/A | C13: 693.7714 | D13: =IMPORTAÇÃO!I11 | E13: =D13-C13 | F13: =D13/C13-1
B14: TOTAL | C14: =SUM(C4:C13) | D14: =SUM(D4:D13) | E14: =D14-C14 | F14: =D14/C14-1
A16: Quantidade anterior: fórmula da planilha original =(BASE/2)×0,7×1,4, com bases 2.434,25 / 2.464,06 / 2.071,27 / 1.415,86 / 2.235,88 m³.
A17: Essas bases não são rastreáveis aos desenhos emitidos em 07/08/2026 e o fator 0,7 não corresponde à geometria do projeto
A18: (a escavação sob os tanques responde por 94% a 96% do corte nas linhas de U-6310). Ver aba CONFRONTO-FT da memória de cálculo.
