Workbook

Sheet CAPA
A1: MEMÓRIA DE CÁLCULO — TERRAPLENAGEM DE IMPLANTAÇÃO
A2: Área dos Tanques — U-6310 (Parque de Tanques de Produtos Acabados / Lubrificantes) e U-6312 (UCO)
A4: IDENTIFICAÇÃO
A5: Programa | B5: REFINO BOAVENTURA
A6: Cliente | B6: TR / BOAVENTURA — PETROBRAS
A7: Contrato | B7: 5900.0131990.25.2 — SRGE/SI-III
A8: Executante | B8: CONSÓRCIO TEM BOAVENTURA
A9: Disciplina | B9: CIVIL — Terraplenagem
A10: Objeto | B10: Escavação, troca de solo, reaterro e compactação das bases dos tanques
A12: DOCUMENTOS BASE DESTA MEMÓRIA
A13: Planta (quantitativos) | B13: DE-5400.00-6310-113-TX3-003 rev.0 — U-6310 Planta de Terraplenagem de Implantação — Área dos Tanques (07/08/2026)
A14: Cortes / perfis | B14: DE-5400.00-6310-113-TX3-004 rev.0 — idem — Cortes A-A a E-E (07/08/2026)
A15: Especificação técnica | B15: ET-5400.00-6310-113-TX3-001 — Terraplenagem
A16: Relatório geotécnico | B16: RL-5400.00-6310-115-TX3-001 — Relatório Geotécnico Interpretativo (pendência P5)
A17: Planilha de fichas de tarefa | B17: IMPORTAÇÃO_TERRAPLAN_TANQUE.xlsx — aba 'IMPORTAÇÃO' (10 FTs, FT-CV-2619 a FT-CV-2628)
A18: Correio eletrônico | B18: Luciana Melo (Coord. Eng. Civil) — 11/08/2026 — 'EPC03-U-6310 / U-6312 — Terraplanagem de implantação dos tanques'
A20: ESCOPO COBERTO
A21: Tanques | B21: 17 unidades: TQ-6310815A/B/C/D, 816A/B/C/D, 817A/B/C/D, 818A/B/C/D e TQ-6312824
A22: Atividades (conforme FT) | B22: 001-CORTE; 002-TROCA DE SOLO; 003-ATERRO; 004-COMPACTAÇÃO
A24: ORGANIZAÇÃO DO ARQUIVO
A25: PREMISSAS | B25: Parâmetros de projeto. Todas as demais abas referenciam esta — alterou aqui, recalcula tudo.
A26: GEOMETRIA | B26: Raios e cotas por linha de tanques, extraídos/aferidos nas plantas.
A27: MC-TANQUE | B27: Memória de cálculo do volume de escavação, tanque a tanque (17 linhas).
A28: AFERIÇÃO | B28: Confronto do modelo geométrico contra a tabela de quantitativos do desenho.
A29: QUANT-LINHA | B29: Consolidação por linha de tanques: corte, troca de solo e plataforma/bacia.
A30: DISTRIB-FT | B30: Distribuição dos quantitativos pelas 10 fichas de tarefa (por tanque, não por área total).
A31: CONFRONTO-FT | B31: Planilha de importação vigente × esta memória de cálculo. Divergências apuradas.
A32: RESUMO | B32: Quantitativos finais para produção, suprimentos e planejamento.
A34: CONVENÇÃO DE CORES
A35: Azul — dado de entrada (cotado no desenho ou definido pelo usuário). Editável.
A36: Preto — resultado calculado por fórmula. Não editar.
A37: Verde — valor trazido de outra aba.
A38: Fundo amarelo — premissa chave a confirmar com o projetista.
A40: NOTA IMPORTANTE | B40: Os volumes da tabela do desenho são GEOMÉTRICOS (sem empolamento) e foram calculados para a elevação de limpeza do terreno EL. 19,00. Conforme correio de 11/08/2026, o reaterro das bases será feito com substituição por rachão — logo o volume de 'REATERRO' do desenho é, na prática, BOTA-FORA de material escavado.

Sheet PREMISSAS
A1: PREMISSAS DE CÁLCULO
A2: Fonte: DE-5400.00-6310-113-TX3-003/004 rev.0 (notas gerais e cortes) e ET-5400.00-6310-113-TX3-001
A4: Item | B4: Parâmetro | C4: Valor | D4: Unid. | E4: Origem / justificativa
A5: 1 | B5: Cota do terreno regularizado (limpeza) | C5: 19 | D5: m | E5: Nota 7 dos cortes A-A a E-E e nota da tabela de quantitativos: 'volumes calculados considerando a elevação de limpeza do terreno (EL. 19,00)'.
A6: 2 | B6: Cota do greide de projeto — fundo sob tanque | C6: 17.5 | D6: m | E6: 'GREIDE DE PROJETO EL.17,50' nos cortes A-A a E-E; 'EL.+17,50' no centro de cada tanque na planta.
A7: 3 | B7: Profundidade de escavação sob o tanque | C7: =C5-C6 | D7: m | E7: Calculado: Item 1 − Item 2. Coerente com a Nota 4 (profundidade de 1,50 m da cota do terreno).
A8: 4 | B8: Talude de corte (H:V) | C8: 1 | D8: H:1V | E8: Nota 6: 'TALUDES DE CORTE - 1:1 (H:V)'. Confirmado pela marcação 1/1 nos cortes.
A9: 5 | B9: Projeção horizontal do talude de corte | C9: =C7*C8 | D9: m | E9: Calculado: Item 3 × Item 4.
A10: 6 | B10: Sobrelargura de troca de solo além do costado | C10: 4 | D10: m | E10: Nota 4: 'remoção e substituição de solo em um raio de 4,00 m do costado do tanque'. Cota '4,00' repetida em todos os tanques na planta e nos cortes.
A11: 7 | B11: Talude de aterro (H:V) | C11: 1.5 | D11: H:1V | E11: Nota 6: 'TALUDES DE ATERRO - 1.5:1 (H:V)'. Não incide nos volumes desta memória (não há aterro de plataforma).
A12: 8 | B12: Cota ponto baixo da bacia — U-6310 | C12: 18.9 | D12: m | E12: 'EL.:18,90 PTO. BAIXO' em toda a área dos tanques 815/816/817/818.
A13: 9 | B13: Cota ponto alto da bacia — U-6310 / U-6312 | C13: 19 | D13: m | E13: 'EL.:19,00 PTO. ALTO'.
A14: 10 | B14: Cota ponto baixo da bacia — U-6312 (UCO) | C14: 18.7 | D14: m | E14: 'EL.:18,70 PTO. BAIXO' na bacia do TQ-6312824.
A15: 11 | B15: Declividade mínima da bacia — U-6310 | C15: 0.015 | D15: m/m | E15: Símbolo '≥1,5% (INC.)' na planta, área U-6310.
A16: 12 | B16: Declividade mínima da bacia — U-6312 | C16: 0.01 | D16: m/m | E16: Símbolo '≥1,0% (INC.)' na planta, área do TQ-6312824.
A17: 13 | B17: Fator de empolamento (corte → solto) | C17: 1.4 | D17: — | E17: Fator vigente na planilha de importação de FTs (multiplicador 1,4). A CONFIRMAR com ensaio/ET — o estudo anterior (aba 'Planilha1') usava 1,30.
A18: 14 | B18: Fator de empolamento — cenário alternativo | C18: 1.3 | D18: — | E18: Valor usado no estudo preliminar da equipe — aba 'Planilha1', célula B9 do arquivo original IMPORTAÇÃO_TERRAPLAN_TANQUE.xlsx. Mantido para análise de sensibilidade.
A19: 15 | B19: Nº de fichas de tarefa (FT) por linha de tanques | C19: 2 | D19: un | E19: Critério da equipe: cada linha de 4 tanques é executada em 2 FTs (D/C e B/A). TQ-6312824 é dividido em 2 FTs (_1 e _2).
B21: FORMULAÇÃO ADOTADA
B22: A escavação sob cada tanque é um TRONCO DE CONE: base menor no fundo (EL. 17,50), base maior na superfície (EL. 19,00),
B23: gerado pelo talude de corte 1:1 ao longo dos 1,50 m de profundidade.
B25: R_fundo = R_costado + sobrelargura (4,00 m) → é o raio cotado nas plantas (R13,71 / R10,85 / R18,53)
B26: R_topo = R_fundo + projeção do talude (1,50 m) → é o raio cotado nas plantas (R15,21 / R12,35 / R20,03)
B27: V = (π · h / 3) · (R_fundo² + R_fundo · R_topo + R_topo²)
B29: Este modelo reproduz a coluna REATERRO da tabela de quantitativos do desenho com desvio de 0,25% no total
B30: (ver aba AFERIÇÃO), o que confirma a formulação e permite desagregar o quantitativo do desenho por tanque.

Sheet GEOMETRIA
A1: GEOMETRIA POR LINHA DE TANQUES
A2: Raios cotados em DE-5400.00-6310-113-TX3-003 rev.0. A linha 818 não tem cota de raio na planta — ver coluna 'Origem do raio'.
A4: Linha | B4: Tanques | C4: Produto | D4: Qtd tanques | E4: Espaç. eixos (m) | F4: R fundo da escavação (m) | G4: R topo da escavação (m) | H4: R do costado do tanque (m) | I4: Ø do tanque (m) | J4: R topo cotado no desenho (m) | K4: Origem do raio
A5: 816 | B5: TQ-6310816A a D | C5: OB 100N | D5: 4 | E5: 29 | F5: 13.71 | G5: =F5+PREMISSAS!$C$9 | H5: =F5-PREMISSAS!$C$10 | I5: =2*H5 | J5: 15.21 | K5: Cotado na planta: R13,71 e R15,21
A6: 817 | B6: TQ-6310817A a D | C6: OB 220N | D6: 4 | E6: 29 | F6: 13.71 | G6: =F6+PREMISSAS!$C$9 | H6: =F6-PREMISSAS!$C$10 | I6: =2*H6 | J6: 15.21 | K6: Cotado na planta: R13,71 e R15,21
A7: 818 | B7: TQ-6310818A a D | C7: OB 500/600N | D7: 4 | E7: 27.5 | F7: 12.78 | G7: =F7+PREMISSAS!$C$9 | H7: =F7-PREMISSAS!$C$10 | I7: =2*H7 | J7: n/d | K7: Sem cota de raio na planta. Retro-calculado pelo volume do desenho (12,7818 m) e corroborado por medição independente no arquivo vetorial (12,77 m).
A8: 815 | B8: TQ-6310815A a D | C8: OB 80N | D8: 4 | E8: 24 | F8: 10.85 | G8: =F8+PREMISSAS!$C$9 | H8: =F8-PREMISSAS!$C$10 | I8: =2*H8 | J8: 12.35 | K8: Cotado na planta: R10,85 e R12,35
A9: 824 | B9: TQ-6312824 | C9: UCO | D9: 1 | E9: — | F9: 18.53 | G9: =F9+PREMISSAS!$C$9 | H9: =F9-PREMISSAS!$C$10 | I9: =2*H9 | J9: 20.03 | K9: Cotado na planta: R18,53 e R20,03
A11: Verificação da Nota 4 (sobrelargura de 4,00 m):
A12: O círculo tracejado 'COSTADO DO TANQUE' do TQ-6312824 foi medido no arquivo vetorial em R = 14,53 m.
A13: R fundo cotado (18,53 m) − 14,53 m = 4,00 m, exatamente a sobrelargura da Nota 4. A relação R_fundo = R_costado + 4,00 fica comprovada.
A14: A largura da faixa hachurada em azul (talude) mede 1,50 m nas plantas, igual à projeção horizontal do talude 1:1 sobre 1,50 m de altura.

Sheet MC-TANQUE
A1: MEMÓRIA DE CÁLCULO — ESCAVAÇÃO / TROCA DE SOLO POR TANQUE
A2: V = (π · h / 3) · (R_fundo² + R_fundo · R_topo + R_topo²) — tronco de cone entre EL. 17,50 e EL. 19,00, talude de corte 1:1
A4: # | B4: TAG do tanque | C4: Linha | D4: Unid. | E4: Produto | F4: R fundo (m) | G4: R topo (m) | H4: h (m) | I4: Área do fundo (m²) | J4: Área do topo (m²) | K4: Volume de escavação / troca de solo (m³) | L4: Volume solto (× empolamento) (m³)
A5: 1 | B5: TQ-6310816A | C5: 816 | D5: U-6310 | E5: OB 100N | F5: =GEOMETRIA!$F$5 | G5: =GEOMETRIA!$G$5 | H5: =PREMISSAS!$C$7 | I5: =PI()*F5^2 | J5: =PI()*G5^2 | K5: =PI()*H5/3*(F5^2+F5*G5+G5^2) | L5: =K5*PREMISSAS!$C$17
A6: 2 | B6: TQ-6310816B | C6: 816 | D6: U-6310 | E6: OB 100N | F6: =GEOMETRIA!$F$5 | G6: =GEOMETRIA!$G$5 | H6: =PREMISSAS!$C$7 | I6: =PI()*F6^2 | J6: =PI()*G6^2 | K6: =PI()*H6/3*(F6^2+F6*G6+G6^2) | L6: =K6*PREMISSAS!$C$17
A7: 3 | B7: TQ-6310816C | C7: 816 | D7: U-6310 | E7: OB 100N | F7: =GEOMETRIA!$F$5 | G7: =GEOMETRIA!$G$5 | H7: =PREMISSAS!$C$7 | I7: =PI()*F7^2 | J7: =PI()*G7^2 | K7: =PI()*H7/3*(F7^2+F7*G7+G7^2) | L7: =K7*PREMISSAS!$C$17
A8: 4 | B8: TQ-6310816D | C8: 816 | D8: U-6310 | E8: OB 100N | F8: =GEOMETRIA!$F$5 | G8: =GEOMETRIA!$G$5 | H8: =PREMISSAS!$C$7 | I8: =PI()*F8^2 | J8: =PI()*G8^2 | K8: =PI()*H8/3*(F8^2+F8*G8+G8^2) | L8: =K8*PREMISSAS!$C$17
A9: 5 | B9: TQ-6310817A | C9: 817 | D9: U-6310 | E9: OB 220N | F9: =GEOMETRIA!$F$6 | G9: =GEOMETRIA!$G$6 | H9: =PREMISSAS!$C$7 | I9: =PI()*F9^2 | J9: =PI()*G9^2 | K9: =PI()*H9/3*(F9^2+F9*G9+G9^2) | L9: =K9*PREMISSAS!$C$17
A10: 6 | B10: TQ-6310817B | C10: 817 | D10: U-6310 | E10: OB 220N | F10: =GEOMETRIA!$F$6 | G10: =GEOMETRIA!$G$6 | H10: =PREMISSAS!$C$7 | I10: =PI()*F10^2 | J10: =PI()*G10^2 | K10: =PI()*H10/3*(F10^2+F10*G10+G10^2) | L10: =K10*PREMISSAS!$C$17
A11: 7 | B11: TQ-6310817C | C11: 817 | D11: U-6310 | E11: OB 220N | F11: =GEOMETRIA!$F$6 | G11: =GEOMETRIA!$G$6 | H11: =PREMISSAS!$C$7 | I11: =PI()*F11^2 | J11: =PI()*G11^2 | K11: =PI()*H11/3*(F11^2+F11*G11+G11^2) | L11: =K11*PREMISSAS!$C$17
A12: 8 | B12: TQ-6310817D | C12: 817 | D12: U-6310 | E12: OB 220N | F12: =GEOMETRIA!$F$6 | G12: =GEOMETRIA!$G$6 | H12: =PREMISSAS!$C$7 | I12: =PI()*F12^2 | J12: =PI()*G12^2 | K12: =PI()*H12/3*(F12^2+F12*G12+G12^2) | L12: =K12*PREMISSAS!$C$17
A13: 9 | B13: TQ-6310818A | C13: 818 | D13: U-6310 | E13: OB 500/600N | F13: =GEOMETRIA!$F$7 | G13: =GEOMETRIA!$G$7 | H13: =PREMISSAS!$C$7 | I13: =PI()*F13^2 | J13: =PI()*G13^2 | K13: =PI()*H13/3*(F13^2+F13*G13+G13^2) | L13: =K13*PREMISSAS!$C$17
A14: 10 | B14: TQ-6310818B | C14: 818 | D14: U-6310 | E14: OB 500/600N | F14: =GEOMETRIA!$F$7 | G14: =GEOMETRIA!$G$7 | H14: =PREMISSAS!$C$7 | I14: =PI()*F14^2 | J14: =PI()*G14^2 | K14: =PI()*H14/3*(F14^2+F14*G14+G14^2) | L14: =K14*PREMISSAS!$C$17
A15: 11 | B15: TQ-6310818C | C15: 818 | D15: U-6310 | E15: OB 500/600N | F15: =GEOMETRIA!$F$7 | G15: =GEOMETRIA!$G$7 | H15: =PREMISSAS!$C$7 | I15: =PI()*F15^2 | J15: =PI()*G15^2 | K15: =PI()*H15/3*(F15^2+F15*G15+G15^2) | L15: =K15*PREMISSAS!$C$17
A16: 12 | B16: TQ-6310818D | C16: 818 | D16: U-6310 | E16: OB 500/600N | F16: =GEOMETRIA!$F$7 | G16: =GEOMETRIA!$G$7 | H16: =PREMISSAS!$C$7 | I16: =PI()*F16^2 | J16: =PI()*G16^2 | K16: =PI()*H16/3*(F16^2+F16*G16+G16^2) | L16: =K16*PREMISSAS!$C$17
A17: 13 | B17: TQ-6310815A | C17: 815 | D17: U-6310 | E17: OB 80N | F17: =GEOMETRIA!$F$8 | G17: =GEOMETRIA!$G$8 | H17: =PREMISSAS!$C$7 | I17: =PI()*F17^2 | J17: =PI()*G17^2 | K17: =PI()*H17/3*(F17^2+F17*G17+G17^2) | L17: =K17*PREMISSAS!$C$17
A18: 14 | B18: TQ-6310815B | C18: 815 | D18: U-6310 | E18: OB 80N | F18: =GEOMETRIA!$F$8 | G18: =GEOMETRIA!$G$8 | H18: =PREMISSAS!$C$7 | I18: =PI()*F18^2 | J18: =PI()*G18^2 | K18: =PI()*H18/3*(F18^2+F18*G18+G18^2) | L18: =K18*PREMISSAS!$C$17
A19: 15 | B19: TQ-6310815C | C19: 815 | D19: U-6310 | E19: OB 80N | F19: =GEOMETRIA!$F$8 | G19: =GEOMETRIA!$G$8 | H19: =PREMISSAS!$C$7 | I19: =PI()*F19^2 | J19: =PI()*G19^2 | K19: =PI()*H19/3*(F19^2+F19*G19+G19^2) | L19: =K19*PREMISSAS!$C$17
A20: 16 | B20: TQ-6310815D | C20: 815 | D20: U-6310 | E20: OB 80N | F20: =GEOMETRIA!$F$8 | G20: =GEOMETRIA!$G$8 | H20: =PREMISSAS!$C$7 | I20: =PI()*F20^2 | J20: =PI()*G20^2 | K20: =PI()*H20/3*(F20^2+F20*G20+G20^2) | L20: =K20*PREMISSAS!$C$17
A21: 17 | B21: TQ-6312824 | C21: 824 | D21: U-6312 | E21: UCO | F21: =GEOMETRIA!$F$9 | G21: =GEOMETRIA!$G$9 | H21: =PREMISSAS!$C$7 | I21: =PI()*F21^2 | J21: =PI()*G21^2 | K21: =PI()*H21/3*(F21^2+F21*G21+G21^2) | L21: =K21*PREMISSAS!$C$17
B22: TOTAL — 17 tanques | I22: =SUM(I5:I21) | J22: =SUM(J5:J21) | K22: =SUM(K5:K21) | L22: =SUM(L5:L21)
B24: Este volume é integralmente TROCA DE SOLO (Nota 4): o material escavado sai e é substituído por rachão, com posterior reaterro e controle de compactação. A escavação deve ser acompanhada por engenheiro geotécnico para ajuste da profundidade às condições reais do terreno.
B25: Não inclui o corte de regularização da plataforma/bacia — ver aba QUANT-LINHA.

Sheet AFERIÇÃO
A1: AFERIÇÃO DO MODELO CONTRA A TABELA DE QUANTITATIVOS DO DESENHO
A2: Tabela de quantitativos de escavação das áreas dos tanques — DE-5400.00-6310-113-TX3-003 rev.0
A4: Linha | B4: Local (conforme desenho) | C4: CORTE do desenho (m³) | D4: REATERRO do desenho (m³) | E4: Escavação dos tanques calculada (m³) | F4: Desvio (m³) | G4: Desvio (%) | H4: Aderência
A5: 816 | B5: TQ-6310816A ATÉ TQ-6310816D E BACIAS | C5: 4100.16 | D5: 3945.84 | E5: =SUM('MC-TANQUE'!K5:K8) | F5: =E5-D5 | G5: =IF(D5=0,"",F5/D5) | H5: =IF(ABS(G5)<=0.01,"Excelente",IF(ABS(G5)<=0.03,"Boa","Verificar"))
A6: 817 | B6: TQ-6310817A ATÉ TQ-6310817D E BACIAS | C6: 4130.06 | D6: 3947.5 | E6: =SUM('MC-TANQUE'!K9:K12) | F6: =E6-D6 | G6: =IF(D6=0,"",F6/D6) | H6: =IF(ABS(G6)<=0.01,"Excelente",IF(ABS(G6)<=0.03,"Boa","Verificar"))
A7: 818 | B7: TQ-6310818A ATÉ TQ-6310818D E BACIAS | C7: 3599.36 | D7: 3455.05 | E7: =SUM('MC-TANQUE'!K13:K16) | F7: =E7-D7 | G7: =IF(D7=0,"",F7/D7) | H7: =IF(ABS(G7)<=0.01,"Excelente",IF(ABS(G7)<=0.03,"Boa","Verificar"))
A8: 815 | B8: TQ-6310815A ATÉ TQ-6310815D E BACIAS | C8: 2649.19 | D8: 2492.22 | E8: =SUM('MC-TANQUE'!K17:K20) | F8: =E8-D8 | G8: =IF(D8=0,"",F8/D8) | H8: =IF(ABS(G8)<=0.01,"Excelente",IF(ABS(G8)<=0.03,"Boa","Verificar"))
A9: 824 | B9: TQ-6312824 E BACIA | C9: 2789.14 | D9: 1756.44 | E9: =SUM('MC-TANQUE'!K21:K21) | F9: =E9-D9 | G9: =IF(D9=0,"",F9/D9) | H9: =IF(ABS(G9)<=0.01,"Excelente",IF(ABS(G9)<=0.03,"Boa","Verificar"))
B10: TOTAL | C10: =SUM(C5:C9) | D10: =SUM(D5:D9) | E10: =SUM(E5:E9) | F10: =E10-D10 | G10: =F10/D10
B12: LEITURA DO RESULTADO
B13: 1. O modelo geométrico reproduz a coluna REATERRO do desenho com desvio total de +0,25%, e abaixo de 0,1% em três das cinco linhas (816, 817 e 818).
B14: Isso comprova que o REATERRO do desenho corresponde ao volume escavado sob os tanques (tronco de cone, EL. 17,50 a 19,00, talude de corte 1:1).
B15: Ressalva de independência: o raio da linha 818 foi retro-calculado a partir do próprio volume do desenho, de modo que o desvio de 0,03% dessa linha
B16: não constitui verificação independente. A aferição é independente nas linhas 816, 817 e 824, cujos raios estão cotados na planta.
B18: 2. A linha 815 é o único desvio relevante (+47,71 m³, +1,91%). Mecanismos identificados e quantificados por integração:
B19: truncamento dos quatro cones pelo limite sul da plataforma (cota 10,97 m do eixo, menor que o raio de topo 12,35 m) .... 23,05 m³
B20: truncamento do cone da extremidade oeste (cota 11,85 m) ........................................................ 0,46 m³
B21: truncamento do cone da extremidade leste (cota 11,15 m) ........................................................ 4,08 m³
B22: sobreposição entre cones adjacentes (espaçamento 24,00 m, raio de topo 12,35 m) ................................ 1,14 m³
B23: soma .......................................................................................................... 28,73 m³ (60% do desvio)
B24: O saldo de aproximadamente 19 m³ (0,76% da linha) permanece em aberto e deve ser confirmado com o projetista.
... B31: 4. A diferença CORTE − REATERRO é o corte de regularização da plataforma e da bacia de contenção — quantificado na aba QUANT-LINHA.

Sheet QUANT-LINHA
A1: CONSOLIDAÇÃO POR LINHA DE TANQUES
A2: Decomposição do CORTE do desenho em: escavação/troca de solo sob os tanques + corte de regularização da plataforma e bacia
A4: Linha | B4: Local | C4: Qtd tanques | D4: CORTE total (m³) | E4: Troca de solo — tanques (m³) | F4: Plataforma e bacia — corte compl. (m³) | G4: % tanques | H4: % bacia | I4: CORTE por tanque (m³) | J4: Troca de solo por tanque (m³) | K4: Bacia por tanque (m³)
A5: 816 | B5: TQ-6310816A ATÉ TQ-6310816D E BACIAS | C5: =GEOMETRIA!$D$5 | D5: =AFERIÇÃO!C5 | E5: =AFERIÇÃO!D5 | F5: =D5-E5 | G5: =E5/D5 | H5: =F5/D5 | I5: =D5/C5 | J5: =E5/C5 | K5: =F5/C5
A6: 817 | B6: TQ-6310817A ATÉ TQ-6310817D E BACIAS | C6: =GEOMETRIA!$D$6 | D6: =AFERIÇÃO!C6 | E6: =AFERIÇÃO!D6 | F6: =D6-E6 | G6: =E6/D6 | H6: =F6/D6 | I6: =D6/C6 | J6: =E6/C6 | K6: =F6/C6
A7: 818 | B7: TQ-6310818A ATÉ TQ-6310818D E BACIAS | C7: =GEOMETRIA!$D$7 | D7: =AFERIÇÃO!C7 | E7: =AFERIÇÃO!D7 | F7: =D7-E7 | G7: =E7/D7 | H7: =F7/D7 | I7: =D7/C7 | J7: =E7/C7 | K7: =F7/C7
A8: 815 | B8: TQ-6310815A ATÉ TQ-6310815D E BACIAS | C8: =GEOMETRIA!$D$8 | D8: =AFERIÇÃO!C8 | E8: =AFERIÇÃO!D8 | F8: =D8-E8 | G8: =E8/D8 | H8: =F8/D8 | I8: =D8/C8 | J8: =E8/C8 | K8: =F8/C8
A9: 824 | B9: TQ-6312824 E BACIA | C9: =GEOMETRIA!$D$9 | D9: =AFERIÇÃO!C9 | E9: =AFERIÇÃO!D9 | F9: =D9-E9 | G9: =E9/D9 | H9: =F9/D9 | I9: =D9/C9 | J9: =E9/C9 | K9: =F9/C9
B10: TOTAL | C10: =SUM(C5:C9) | D10: =SUM(D5:D9) | E10: =SUM(E5:E9) | F10: =SUM(F5:F9) | G10: =E10/D10 | H10: =F10/D10
B12: OBSERVAÇÃO SOBRE O RATEIO TANQUE / BACIA
B13: A planilha de importação de FTs vigente rateia o volume em 70% para a 'área tanque' e 30% para a 'área bacia'.
B14: Pela geometria do projeto esse rateio não se sustenta nas linhas de U-6310: a escavação sob os tanques responde por 94% a 96% do corte,
B15: porque a bacia é apenas regularizada (EL. 19,00 → 18,90, i ≥ 1,5%) enquanto o tanque é escavado 1,50 m.
B16: Somente o TQ-6312824 se aproxima do rateio adotado (63% / 37%), por ter bacia bem maior e ponto baixo em EL. 18,70.
B17: Consequência: aplicar o fator 0,7 sobre o volume da linha subestima o escopo de escavação em cerca de 26 pontos percentuais.

Sheet DISTRIB-FT
A1: DISTRIBUIÇÃO DOS QUANTITATIVOS PELAS FICHAS DE TAREFA
A2: Rateio por tanque (e não pela área total), preservando o particionamento adotado pela equipe: 2 FTs por linha de tanques
A4: Chave de importação | B4: TAG do componente | C4: Data programada | D4: Unid. | E4: Código Primavera | F4: Linha | G4: Tanques abrangidos | H4: Nº de tanques | I4: Fração da linha (1 ÷ nº de FTs) | J4: CORTE geométrico (m³) | K4: Troca de solo geométrico (m³) | L4: Plataforma/bacia geométrico (m³) | M4: CORTE solto — transporte (m³) | N4: Rachão a fornecer (m³ in situ)
A5: FT-CV-2619 | B5: TQ-6310816D/C | C5: 46262 | D5: U6310 | E5: U6310-C-610246000 | F5: 816 | G5: TQ-6310816D e TQ-6310816C | H5: 2 | I5: =1/PREMISSAS!$C$19 | J5: =INDEX('QUANT-LINHA'!$D$5:$D$9,MATCH($F5,'QUANT-LINHA'!$A$5:$A$9,0))*$I5 | K5: =INDEX('QUANT-LINHA'!$E$5:$E$9,MATCH($F5,'QUANT-LINHA'!$A$5:$A$9,0))*$I5 | L5: =INDEX('QUANT-LINHA'!$F$5:$F$9,MATCH($F5,'QUANT-LINHA'!$A$5:$A$9,0))*$I5 | M5: =J5*PREMISSAS!$C$17 | N5: =K5
A6: FT-CV-2620 | B6: TQ-6310816B/A | C6: 46269 | D6: U6310 | E6: U6310-C-610246000 | F6: 816 | G6: TQ-6310816B e TQ-6310816A | H6: 2 | I6: =1/PREMISSAS!$C$19 | J6: =INDEX('QUANT-LINHA'!$D$5:$D$9,MATCH($F6,'QUANT-LINHA'!$A$5:$A$9,0))*$I6 | K6: =INDEX('QUANT-LINHA'!$E$5:$E$9,MATCH($F6,'QUANT-LINHA'!$A$5:$A$9,0))*$I6 | L6: =INDEX('QUANT-LINHA'!$F$5:$F$9,MATCH($F6,'QUANT-LINHA'!$A$5:$A$9,0))*$I6 | M6: =J6*PREMISSAS!$C$17 | N6: =K6
A7: FT-CV-2621 | B7: TQ-6310817D/C | C7: 46276 | D7: U6310 | E7: U6310-C-610250000 | F7: 817 | G7: TQ-6310817D e TQ-6310817C | H7: 2 | I7: =1/PREMISSAS!$C$19 | J7: =INDEX('QUANT-LINHA'!$D$5:$D$9,MATCH($F7,'QUANT-LINHA'!$A$5:$A$9,0))*$I7 | K7: =INDEX('QUANT-LINHA'!$E$5:$E$9,MATCH($F7,'QUANT-LINHA'!$A$5:$A$9,0))*$I7 | L7: =INDEX('QUANT-LINHA'!$F$5:$F$9,MATCH($F7,'QUANT-LINHA'!$A$5:$A$9,0))*$I7 | M7: =J7*PREMISSAS!$C$17 | N7: =K7
A8: FT-CV-2622 | B8: TQ-6310817B/A | C8: 46283 | D8: U6310 | E8: U6310-C-610250000 | F8: 817 | G8: TQ-6310817B e TQ-6310817A | H8: 2 | I8: =1/PREMISSAS!$C$19 | J8: =INDEX('QUANT-LINHA'!$D$5:$D$9,MATCH($F8,'QUANT-LINHA'!$A$5:$A$9,0))*$I8 | K8: =INDEX('QUANT-LINHA'!$E$5:$E$9,MATCH($F8,'QUANT-LINHA'!$A$5:$A$9,0))*$I8 | L8: =INDEX('QUANT-LINHA'!$F$5:$F$9,MATCH($F8,'QUANT-LINHA'!$A$5:$A$9,0))*$I8 | M8: =J8*PREMISSAS!$C$17 | N8: =K8
A9: FT-CV-2623 | B9: TQ-6312824_1 | C9: 46290 | D9: U6312 | E9: U6312-C-710073000 | F9: 824 | G9: TQ-6312824 — 1ª metade | H9: 1 | I9: =1/PREMISSAS!$C$19 | J9: =INDEX('QUANT-LINHA'!$D$5:$D$9,MATCH($F9,'QUANT-LINHA'!$A$5:$A$9,0))*$I9 | K9: =INDEX('QUANT-LINHA'!$E$5:$E$9,MATCH($F9,'QUANT-LINHA'!$A$5:$A$9,0))*$I9 | L9: =INDEX('QUANT-LINHA'!$F$5:$F$9,MATCH($F9,'QUANT-LINHA'!$A$5:$A$9,0))*$I9 | M9: =J9*PREMISSAS!$C$17 | N9: =K9
A10: FT-CV-2624 | B10: TQ-6312824_2 | C10: 46297 | D10: U6312 | E10: U6312-C-710073000 | F10: 824 | G10: TQ-6312824 — 2ª metade | H10: 1 | I10: =1/PREMISSAS!$C$19 | J10: =INDEX('QUANT-LINHA'!$D$5:$D$9,MATCH($F10,'QUANT-LINHA'!$A$5:$A$9,0))*$I10 | K10: =INDEX('QUANT-LINHA'!$E$5:$E$9,MATCH($F10,'QUANT-LINHA'!$A$5:$A$9,0))*$I10 | L10: =INDEX('QUANT-LINHA'!$F$5:$F$9,MATCH($F10,'QUANT-LINHA'!$A$5:$A$9,0))*$I10 | M10: =J10*PREMISSAS!$C$17 | N10: =K10
A11: FT-CV-2625 | B11: TQ-6310818D/C | C11: 46304 | D11: U6310 | E11: U6310-C-620256000 | F11: 818 | G11: TQ-6310818D e TQ-6310818C | H11: 2 | I11: =1/PREMISSAS!$C$19 | J11: =INDEX('QUANT-LINHA'!$D$5:$D$9,MATCH($F11,'QUANT-LINHA'!$A$5:$A$9,0))*$I11 | K11: =INDEX('QUANT-LINHA'!$E$5:$E$9,MATCH($F11,'QUANT-LINHA'!$A$5:$A$9,0))*$I11 | L11: =INDEX('QUANT-LINHA'!$F$5:$F$9,MATCH($F11,'QUANT-LINHA'!$A$5:$A$9,0))*$I11 | M11: =J11*PREMISSAS!$C$17 | N11: =K11
A12: FT-CV-2626 | B12: TQ-6310818B/A | C12: 46311 | D12: U6310 | E12: U6310-C-620256000 | F12: 818 | G12: TQ-6310818B e TQ-6310818A | H12: 2 | I12: =1/PREMISSAS!$C$19 | J12: =INDEX('QUANT-LINHA'!$D$5:$D$9,MATCH($F12,'QUANT-LINHA'!$A$5:$A$9,0))*$I12 | K12: =INDEX('QUANT-LINHA'!$E$5:$E$9,MATCH($F12,'QUANT-LINHA'!$A$5:$A$9,0))*$I12 | L12: =INDEX('QUANT-LINHA'!$F$5:$F$9,MATCH($F12,'QUANT-LINHA'!$A$5:$A$9,0))*$I12 | M12: =J12*PREMISSAS!$C$17 | N12: =K12
A13: FT-CV-2627 | B13: TQ-6310815D/C | C13: 46318 | D13: U6310 | E13: U6310-C-620252000 | F13: 815 | G13: TQ-6310815D e TQ-6310815C | H13: 2 | I13: =1/PREMISSAS!$C$19 | J13: =INDEX('QUANT-LINHA'!$D$5:$D$9,MATCH($F13,'QUANT-LINHA'!$A$5:$A$9,0))*$I13 | K13: =INDEX('QUANT-LINHA'!$E$5:$E$9,MATCH($F13,'QUANT-LINHA'!$A$5:$A$9,0))*$I13 | L13: =INDEX('QUANT-LINHA'!$F$5:$F$9,MATCH($F13,'QUANT-LINHA'!$A$5:$A$9,0))*$I13 | M13: =J13*PREMISSAS!$C$17 | N13: =K13
A14: FT-CV-2628 | B14: TQ-6310815B/A | C14: 46325 | D14: U6310 | E14: U6310-C-620252000 | F14: 815 | G14: TQ-6310815B e TQ-6310815A | H14: 2 | I14: =1/PREMISSAS!$C$19 | J14: =INDEX('QUANT-LINHA'!$D$5:$D$9,MATCH($F14,'QUANT-LINHA'!$A$5:$A$9,0))*$I14 | K14: =INDEX('QUANT-LINHA'!$E$5:$E$9,MATCH($F14,'QUANT-LINHA'!$A$5:$A$9,0))*$I14 | L14: =INDEX('QUANT-LINHA'!$F$5:$F$9,MATCH($F14,'QUANT-LINHA'!$A$5:$A$9,0))*$I14 | M14: =J14*PREMISSAS!$C$17 | N14: =K14
A15: TOTAL | J15: =SUM(J5:J14) | K15: =SUM(K5:K14) | L15: =SUM(L5:L14) | M15: =SUM(M5:M14) | N15: =SUM(N5:N14)
A17: Coluna 'CORTE geométrico' = corte total da linha (tabela do desenho) × fração de tanques da FT. É o volume no corte, sem empolamento.
A18: Coluna 'CORTE solto' = volume geométrico × fator de empolamento da aba PREMISSAS (item 13). É o volume a transportar / medir em caçamba.
A19: Coluna 'Rachão a fornecer' = volume da troca de solo, in situ compactado. O fator de conversão para volume solto de fornecimento deve ser
A20: definido com o fornecedor / ET antes da compra; não está aplicado aqui.
A21: As datas programadas reproduzem a planilha de importação vigente e não foram alteradas por esta memória de cálculo.
A22: Cada linha de tanques é executada em 2 FTs, logo a fração é sempre 1/2 (PREMISSAS, item 15). Para a linha 816, por exemplo, cada FT abrange 2 dos 4 tanques;
A23: para o TQ-6312824, tanque único, cada FT abrange metade do serviço do mesmo tanque.

Sheet CONFRONTO-FT
A1: CONFRONTO — PLANILHA DE IMPORTAÇÃO VIGENTE × MEMÓRIA DE CÁLCULO
A2: Planilha IMPORTAÇÃO_TERRAPLAN_TANQUE.xlsx, aba 'IMPORTAÇÃO', coluna I (Quantidade)
A4: Fatores empregados na planilha vigente
A5: Divisor de partição (metade da linha) | C5: 2 | D5: Fórmula original da planilha: =(BASE/2)*0,7*1,4
A6: Fator 'por área tanque' | C6: 0.7 | D6: O fator 0,7 não corresponde à geometria do projeto — ver aba QUANT-LINHA.
A7: Fator de empolamento | C7: 1.4
A9: Chave de importação | B9: TAG do componente | C9: Linha | D9: Fórmula vigente (planilha) | E9: Base adotada na planilha | F9: Quantidade vigente (m³) | G9: Quantidade desta MC — solto (m³) | H9: Diferença (vigente − MC) | I9: Desvio (%) | J9: Origem da base adotada na planilha
A10: FT-CV-2619 | B10: TQ-6310816D/C | C10: 816 | D10: =(TEXT(E10,"#,##0.00")&" ÷ "&TEXT($C$5,"0")&" × "&TEXT($C$6,"0%")&" × "&TEXT($C$7,"0.00")) | E10: 2434.25 | F10: =E10/$C$5*$C$6*$C$7 | G10: ='DISTRIB-FT'!M5 | H10: =F10-G10 | I10: =F10/G10-1 | J10: Não rastreável aos desenhos rev.0 — ver nota abaixo
A11: FT-CV-2620 | B11: TQ-6310816B/A | C11: 816 | D11: =(TEXT(E11,"#,##0.00")&" ÷ "&TEXT($C$5,"0")&" × "&TEXT($C$6,"0%")&" × "&TEXT($C$7,"0.00")) | E11: 2434.25 | F11: =E11/$C$5*$C$6*$C$7 | G11: ='DISTRIB-FT'!M6 | H11: =F11-G11 | I11: =F11/G11-1 | J11: Não rastreável aos desenhos rev.0 — ver nota abaixo
A12: FT-CV-2621 | B12: TQ-6310817D/C | C12: 817 | D12: =(TEXT(E12,"#,##0.00")&" ÷ "&TEXT($C$5,"0")&" × "&TEXT($C$6,"0%")&" × "&TEXT($C$7,"0.00")) | E12: 2464.06 | F12: =E12/$C$5*$C$6*$C$7 | G12: ='DISTRIB-FT'!M7 | H12: =F12-G12 | I12: =F12/G12-1 | J12: Não rastreável aos desenhos rev.0 — ver nota abaixo
A13: FT-CV-2622 | B13: TQ-6310817B/A | C13: 817 | D13: =(TEXT(E13,"#,##0.00")&" ÷ "&TEXT($C$5,"0")&" × "&TEXT($C$6,"0%")&" × "&TEXT($C$7,"0.00")) | E13: 2464.06 | F13: =E13/$C$5*$C$6*$C$7 | G13: ='DISTRIB-FT'!M8 | H13: =F13-G13 | I13: =F13/G13-1 | J13: Não rastreável aos desenhos rev.0 — ver nota abaixo
A14: FT-CV-2623 | B14: TQ-6312824_1 | C14: 824 | D14: =(TEXT(E14,"#,##0.00")&" ÷ "&TEXT($C$5,"0")&" × "&TEXT($C$6,"0%")&" × "&TEXT($C$7,"0.00")) | E14: 2235.88 | F14: =E14/$C$5*$C$6*$C$7 | G14: ='DISTRIB-FT'!M9 | H14: =F14-G14 | I14: =F14/G14-1 | J14: Não rastreável aos desenhos rev.0 — ver nota abaixo
A15: FT-CV-2624 | B15: TQ-6312824_2 | C15: 824 | D15: =(TEXT(E15,"#,##0.00")&" ÷ "&TEXT($C$5,"0")&" × "&TEXT($C$6,"0%")&" × "&TEXT($C$7,"0.00")) | E15: 2235.88 | F15: =E15/$C$5*$C$6*$C$7 | G15: ='DISTRIB-FT'!M10 | H15: =F15-G15 | I15: =F15/G15-1 | J15: Não rastreável aos desenhos rev.0 — ver nota abaixo
A16: FT-CV-2625 | B16: TQ-6310818D/C | C16: 818 | D16: =(TEXT(E16,"#,##0.00")&" ÷ "&TEXT($C$5,"0")&" × "&TEXT($C$6,"0%")&" × "&TEXT($C$7,"0.00")) | E16: 2071.27 | F16: =E16/$C$5*$C$6*$C$7 | G16: ='DISTRIB-FT'!M11 | H16: =F16-G16 | I16: =F16/G16-1 | J16: Não rastreável aos desenhos rev.0 — ver nota abaixo
A17: FT-CV-2626 | B17: TQ-6310818B/A | C17: 818 | D17: =(TEXT(E17,"#,##0.00")&" ÷ "&TEXT($C$5,"0")&" × "&TEXT($C$6,"0%")&" × "&TEXT($C$7,"0.00")) | E17: 2071.27 | F17: =E17/$C$5*$C$6*$C$7 | G17: ='DISTRIB-FT'!M12 | H17: =F17-G17 | I17: =F17/G17-1 | J17: Não rastreável aos desenhos rev.0 — ver nota abaixo
A18: FT-CV-2627 | B18: TQ-6310815D/C | C18: 815 | D18: =(TEXT(E18,"#,##0.00")&" ÷ "&TEXT($C$5,"0")&" × "&TEXT($C$6,"0%")&" × "&TEXT($C$7,"0.00")) | E18: 1415.86 | F18: =E18/$C$5*$C$6*$C$7 | G18: ='DISTRIB-FT'!M13 | H18: =F18-G18 | I18: =F18/G18-1 | J18: Não rastreável aos desenhos rev.0 — ver nota abaixo
A19: FT-CV-2628 | B19: TQ-6310815B/A | C19: 815 | D19: =(TEXT(E19,"#,##0.00")&" ÷ "&TEXT($C$5,"0")&" × "&TEXT($C$6,"0%")&" × "&TEXT($C$7,"0.00")) | E19: 1415.86 | F19: =E19/$C$5*$C$6*$C$7 | G19: ='DISTRIB-FT'!M14 | H19: =F19-G19 | I19: =F19/G19-1 | J19: Não rastreável aos desenhos rev.0 — ver nota abaixo
A20: TOTAL | F20: =SUM(F10:F19) | G20: =SUM(G10:G19) | H20: =SUM(H10:H19) | I20: =F20/G20-1
A22: APURAÇÃO DAS DIVERGÊNCIAS
A23: 1) BASE NÃO RASTREÁVEL. As bases usadas na planilha (2.434,25 / 2.464,06 / 2.071,27 / 1.415,86 / 2.235,88 m³) não constam de nenhuma das
A24: duas plantas emitidas em 07/08/2026 e não se obtêm por operação sobre as colunas CORTE ou REATERRO da tabela de quantitativos.
A25: Representam de 53,4% a 80,2% do corte da linha correspondente, sem proporção constante. Provável origem: quantitativo preliminar,
A26: anterior à emissão rev.0 — coerente com a observação registrada na própria planilha ('o ID usado sofrerá alterações com a aprovação do Book B').
A28: 2) DUPLA REDUÇÃO. Sobre essa base já reduzida ainda se aplica o fator 0,7 ('por área tanque'), que pela geometria do projeto deveria ser
A29: de 94% a 96% nas linhas de U-6310 (aba QUANT-LINHA). As duas reduções se somam.
A31: 3) EFEITO. O total das 10 fichas fica em 10.408,89 m³ contra 24.175,07 m³ de corte empolado apurado nesta memória — 43,1% do escopo de corte.
A32: O mesmo percentual vale em volume geométrico (10.408,89 ÷ 1,40 = 7.434,92 m³ contra 17.267,91 m³), já que o fator de empolamento incide nos dois lados.
A34: 4) ENCAMINHAMENTO. Substituir a coluna 'Quantidade' da planilha de importação pelos valores da coluna G desta aba antes de importar
A35: para o Primavera, e confirmar com a Coordenação de Engenharia Civil o fator de empolamento a adotar (1,30 ou 1,40).
A37: 5) ALCANCE DA COLUNA 'Quantidade'. Tanto na planilha vigente quanto nesta memória a quantidade da FT mede APENAS o corte (atividade 001).
... A39: que não estão medidos em nenhuma coluna da planilha de importação. Convenção mantida igual à do cliente — registrada aqui para não induzir a erro.

Sheet RESUMO
A1: RESUMO DOS QUANTITATIVOS DE TERRAPLENAGEM
A2: Área dos tanques U-6310 e U-6312 — base: DE-5400.00-6310-113-TX3-003/004 rev.0
A4: Item | B4: Serviço | C4: Quantidade | D4: Unid. | E4: Critério / observação
A5: 1 | B5: Escavação — corte total (volume geométrico) | C5: ='QUANT-LINHA'!D10 | D5: m³ | E5: Soma da coluna CORTE da tabela de quantitativos do desenho. Sem empolamento, referida à EL. de limpeza 19,00.
A6: 1.1 | B6: Escavação / troca de solo sob os tanques | C6: ='QUANT-LINHA'!E10 | D6: m³ | E6: Valor da coluna REATERRO da tabela do desenho (adotado). O modelo de tronco de cone desta memória o reproduz com +0,25% — ver AFERIÇÃO.
A7: 1.2 | B7: Corte de regularização da plataforma e bacia | C7: ='QUANT-LINHA'!F10 | D7: m³ | E7: Diferença CORTE − REATERRO do desenho. Inclui a conformação da bacia (EL. 19,00 → 18,90 em U-6310 e → 18,70 em U-6312).
A8: 2 | B8: Escavação — volume solto para transporte | C8: =C5*PREMISSAS!$C$17 | D8: m³ | E8: Item 1 × fator de empolamento (PREMISSAS, item 13). Volume de medição em caçamba.
A9: 2.1 | B9: Cenário alternativo (fator 1,30) | C9: =C5*PREMISSAS!$C$18 | D9: m³ | E9: Sensibilidade — fator do estudo preliminar da equipe.
A10: 3 | B10: Bota-fora | C10: =C5*PREMISSAS!$C$17 | D10: m³ | E10: Correio de 11/08/2026: o reaterro das bases será feito com substituição por rachão, logo todo o material escavado é bota-fora. Volume solto.
A11: 4 | B11: Rachão para reaterro das bases (volume in situ) | C11: ='QUANT-LINHA'!E10 | D11: m³ | E11: Igual ao item 1.1. Fator de conversão para volume de fornecimento a definir com o fornecedor / ET.
A12: 5 | B12: Reaterro e compactação com controle tecnológico | C12: ='QUANT-LINHA'!E10 | D12: m³ | E12: Executar conforme RL-5400.00-6310-115-TX3-001 e ET-5400.00-6310-113-TX3-001. Controle tecnológico obrigatório (Nota 7).
A13: 6 | B13: Nº de tanques | C13: =SUM(GEOMETRIA!D5:D9) | D13: un | E13: 16 tanques em U-6310 (4 linhas × 4) + 1 tanque UCO em U-6312.
A14: 7 | B14: Nº de fichas de tarefa | C14: =COUNTA('DISTRIB-FT'!A5:A14) | D14: un | E14: Conforme planilha de importação vigente: FT-CV-2619 a FT-CV-2628.
B16: CONFRONTO COM A PLANILHA DE IMPORTAÇÃO VIGENTE
B17: Indicador | C17: Valor | D17: Unid. | E17: Observação
B18: Quantidade total lançada nas 10 FTs (planilha vigente) | C18: ='CONFRONTO-FT'!F20 | D18: m³ | E18: Soma da coluna 'Quantidade' da aba IMPORTAÇÃO.
B19: Quantidade total apurada nesta memória de cálculo | C19: ='CONFRONTO-FT'!G20 | D19: m³ | E19: Corte empolado, distribuído por tanque.
B20: Escopo faltante nas fichas de tarefa | C20: ='CONFRONTO-FT'!G20-'CONFRONTO-FT'!F20 | D20: m³ | E20: Diferença a lançar antes da importação para o Primavera.
B21: Cobertura da planilha vigente | C21: ='CONFRONTO-FT'!F20/'CONFRONTO-FT'!G20 | D21: — | E21: Percentual do escopo efetivamente lançado.
B23: RESSALVAS E PENDÊNCIAS
B24: a) Pendência P5 do desenho — RL-5400.00-6310-115-TX3-001 (Relatório Geotécnico Interpretativo). A profundidade de substituição de solo
B25: deverá ser ajustada às condições reais do terreno, com acompanhamento de engenheiro geotécnico (Nota 4). Volumes desta memória
B26: valem para a profundidade de projeto de 1,50 m.
B27: b) Fator de empolamento (1,40) não tem respaldo documental nos desenhos — deve ser confirmado por ensaio ou pela ET antes da medição.
B28: c) Raio da linha 818 não está cotado na planta. Adotado 12,78 m, retro-calculado a partir do volume do desenho e corroborado por medição no arquivo
B29: vetorial (12,77 m). Confirmar a cota com o projetista — a aferição dessa linha não é independente.
B30: c1) Linha 815: desvio de +47,71 m³ (+1,91%) explicado em 60% por truncamento e sobreposição dos cones (ver AFERIÇÃO); saldo a confirmar com o projetista.
B31: c2) Corte D-D cota os espaçamentos da linha 815 como 24,11 / 23,89 / 24,00 m, contra 24,000 m exatos na planta e nas coordenadas PDMS. A esclarecer.
B32: d) A tabela do desenho não distingue o volume do dique e dos mini-diques de contenção mostrados nos cortes A-A a E-E; se forem executados
B33: em aterro compactado, o material e o volume correspondentes devem ser orçados à parte.
B34: e) Não há coluna de aterro na tabela do desenho. Caso parte do corte venha a ser reaproveitada em outra frente, o bota-fora do item 3 reduz
... B37: medidos em nenhuma coluna da planilha de importação — convenção herdada do cliente, registrada aqui para não induzir a erro.
